image,max_confidence,detections_ge_005,detections_ge_010,detections_ge_025,detections_ge_050
./images/train/IMG0001770.jpg,0.8364500403404236,1,1,1,1
./images/train/IMG0004290.jpg,0.8125646710395813,2,1,1,1
./images/train/IMG0002219.jpg,0.7888203263282776,3,3,2,1
./images/train/IMG0003205.jpg,0.7849147319793701,1,1,1,1
./images/train/IMG0004121.jpg,0.7810179591178894,2,2,1,1
./images/train/IMG0000761.jpg,0.7772871255874634,1,1,1,1
./images/train/IMG0002276.jpg,0.7581242322921753,2,2,2,1
./images/train/IMG0001517.jpg,0.7500119209289551,1,1,1,1
./images/train/IMG0000020.jpg,0.7424423098564148,3,2,1,1
./images/train/IMG0001389.jpg,0.7342087030410767,3,2,1,1
./images/train/IMG0004174.jpg,0.7195568084716797,1,1,1,1
./images/train/IMG0003348.jpg,0.7175127863883972,1,1,1,1
./images/train/IMG0001207.jpg,0.6938009858131409,1,1,1,1
./images/train/IMG0001371.jpg,0.6748021841049194,1,1,1,1
./images/train/IMG0002242.jpg,0.6722221970558167,1,1,1,1
./images/train/IMG0001769.jpg,0.6617019772529602,1,1,1,1
./images/train/IMG0000282.jpg,0.6561946272850037,2,2,1,1
./images/train/IMG0003296.jpg,0.6350392699241638,1,1,1,1
./images/train/IMG0001947.jpg,0.6178773641586304,4,2,1,1
./images/train/IMG0000068.jpg,0.6142862439155579,1,1,1,1
./images/train/IMG0003814.jpg,0.6096068024635315,2,1,1,1
./images/train/IMG0004243.jpg,0.5926690697669983,4,2,2,1
./images/train/IMG0004314.jpg,0.5728173851966858,2,2,2,1
./images/train/IMG0000520.jpg,0.5600095987319946,1,1,1,1
./images/train/IMG0000123.jpg,0.5593040585517883,1,1,1,1
./images/train/IMG0000545.jpg,0.5454916954040527,1,1,1,1
./images/train/IMG0004286.jpg,0.5285528898239136,1,1,1,1
./images/train/IMG0000611.jpg,0.5157316327095032,1,1,1,1
./images/train/IMG0001872.jpg,0.5132522583007812,2,2,2,1
./images/train/IMG0002786.jpg,0.5066509246826172,4,3,3,1
./images/train/IMG0003211.jpg,0.4979373514652252,1,1,1,0
./images/train/IMG0000272.jpg,0.45885661244392395,3,3,1,0
./images/train/IMG0001723.jpg,0.45841097831726074,1,1,1,0
./images/train/IMG0003079.jpg,0.45481762290000916,1,1,1,0
./images/train/IMG0001602.jpg,0.4345797598361969,1,1,1,0
./images/train/IMG0001946.jpg,0.42478489875793457,3,2,1,0
./images/train/IMG0000853.jpg,0.4232364892959595,1,1,1,0
./images/train/IMG0001313.jpg,0.4140802323818207,1,1,1,0
./images/train/IMG0004036.jpg,0.3914148807525635,1,1,1,0
./images/train/IMG0004383.jpg,0.3810127377510071,1,1,1,0
./images/train/IMG0001064.jpg,0.36094173789024353,3,2,1,0
./images/train/IMG0000755.jpg,0.34119072556495667,1,1,1,0
./images/train/IMG0001066.jpg,0.33763816952705383,1,1,1,0
./images/train/IMG0003941.jpg,0.3351007103919983,2,1,1,0
./images/train/IMG0001286.jpg,0.33446022868156433,1,1,1,0
./images/train/IMG0000241.jpg,0.3192655146121979,1,1,1,0
./images/train/IMG0001254.jpg,0.30797505378723145,1,1,1,0
./images/train/IMG0003555.jpg,0.3068132698535919,1,1,1,0
./images/train/IMG0003755.jpg,0.30532076954841614,2,1,1,0
./images/train/IMG0001241.jpg,0.3011781573295593,3,1,1,0
./images/train/IMG0002223.jpg,0.2983190715312958,4,2,1,0
./images/train/IMG0000032.jpg,0.2875344753265381,1,1,1,0
./images/train/IMG0000016.jpg,0.2803013324737549,2,1,1,0
./images/train/IMG0002968.jpg,0.27867066860198975,1,1,1,0
./images/train/IMG0000011.jpg,0.2699465751647949,1,1,1,0
./images/train/IMG0000203.jpg,0.2679210305213928,2,2,1,0
./images/train/IMG0002888.jpg,0.26323238015174866,1,1,1,0
./images/train/IMG0003554.jpg,0.25859084725379944,1,1,1,0
./images/train/IMG0003934.jpg,0.2575977146625519,1,1,1,0
./images/train/IMG0000035.jpg,0.2530415952205658,2,2,1,0
./images/train/IMG0000689.jpg,0.24410326778888702,1,1,0,0
./images/train/IMG0001716.jpg,0.23673568665981293,2,2,0,0
./images/train/IMG0000081.jpg,0.2250201255083084,3,2,0,0
./images/train/IMG0002204.jpg,0.22013306617736816,2,1,0,0
./images/train/IMG0001800.jpg,0.21960020065307617,1,1,0,0
./images/train/IMG0002251.jpg,0.21822723746299744,3,2,0,0
./images/train/IMG0003837.jpg,0.21280884742736816,1,1,0,0
./images/train/IMG0003023.jpg,0.20552727580070496,1,1,0,0
./images/train/IMG0002209.jpg,0.20205166935920715,1,1,0,0
./images/train/IMG0001557.jpg,0.193846195936203,2,1,0,0
./images/train/IMG0003439.jpg,0.19266347587108612,1,1,0,0
./images/train/IMG0001711.jpg,0.19167733192443848,1,1,0,0
./images/train/IMG0000433.jpg,0.19017146527767181,1,1,0,0
./images/train/IMG0003676.jpg,0.18950915336608887,1,1,0,0
./images/train/IMG0001837.jpg,0.1874402016401291,1,1,0,0
./images/train/IMG0002283.jpg,0.18550261855125427,1,1,0,0
./images/train/IMG0000238.jpg,0.18300828337669373,1,1,0,0
./images/train/IMG0002266.jpg,0.18138185143470764,1,1,0,0
./images/train/IMG0001529.jpg,0.1786181479692459,1,1,0,0
./images/train/IMG0003471.jpg,0.17669165134429932,1,1,0,0
./images/train/IMG0002930.jpg,0.17242875695228577,1,1,0,0
./images/train/IMG0001450.jpg,0.17117555439472198,2,1,0,0
./images/train/IMG0002290.jpg,0.17046375572681427,1,1,0,0
./images/train/IMG0000318.jpg,0.16994881629943848,1,1,0,0
./images/train/IMG0001599.jpg,0.16507242619991302,1,1,0,0
./images/train/IMG0003064.jpg,0.15985587239265442,1,1,0,0
./images/train/IMG0004296.jpg,0.15985587239265442,1,1,0,0
./images/train/IMG0003455.jpg,0.15977980196475983,1,1,0,0
./images/train/IMG0001601.jpg,0.15490767359733582,1,1,0,0
./images/train/IMG0001576.jpg,0.15305736660957336,1,1,0,0
./images/train/IMG0002137.jpg,0.15123561024665833,1,1,0,0
./images/train/IMG0001583.jpg,0.14806440472602844,2,2,0,0
./images/train/IMG0003826.jpg,0.14640165865421295,2,1,0,0
./images/train/IMG0001386.jpg,0.13994687795639038,1,1,0,0
./images/train/IMG0003230.jpg,0.13708314299583435,1,1,0,0
./images/train/IMG0001455.jpg,0.13638532161712646,1,1,0,0
./images/train/IMG0001745.jpg,0.13513559103012085,1,1,0,0
./images/train/IMG0000077.jpg,0.13466869294643402,1,1,0,0
./images/train/IMG0001316.jpg,0.13391438126564026,2,1,0,0
./images/train/IMG0003884.jpg,0.1335420161485672,2,1,0,0
./images/train/IMG0001776.jpg,0.13076846301555634,1,1,0,0
./images/train/IMG0001417.jpg,0.12723912298679352,1,1,0,0
./images/train/IMG0002270.jpg,0.1271359622478485,1,1,0,0
./images/train/IMG0000083.jpg,0.12383752316236496,1,1,0,0
./images/train/IMG0000159.jpg,0.12233877182006836,1,1,0,0
./images/train/IMG0003548.jpg,0.12110340595245361,1,1,0,0
./images/train/IMG0001233.jpg,0.1170361340045929,1,1,0,0
./images/train/IMG0001053.jpg,0.11629240214824677,1,1,0,0
./images/train/IMG0000685.jpg,0.11465974897146225,1,1,0,0
./images/train/IMG0002689.jpg,0.11339033395051956,1,1,0,0
./images/train/IMG0001342.jpg,0.1133304312825203,1,1,0,0
./images/train/IMG0002282.jpg,0.11283530294895172,1,1,0,0
./images/train/IMG0000951.jpg,0.10911814868450165,1,1,0,0
./images/train/IMG0001960.jpg,0.10790973156690598,1,1,0,0
./images/train/IMG0003351.jpg,0.10519639402627945,1,1,0,0
./images/train/IMG0002118.jpg,0.10429628938436508,2,2,0,0
./images/train/IMG0001352.jpg,0.1022842600941658,1,1,0,0
./images/train/IMG0003928.jpg,0.10194586962461472,1,1,0,0
./images/train/IMG0003595.jpg,0.09858975559473038,1,0,0,0
./images/train/IMG0004138.jpg,0.09321801364421844,1,0,0,0
./images/train/IMG0003599.jpg,0.09279230982065201,1,0,0,0
./images/train/IMG0002808.jpg,0.088209368288517,1,0,0,0
./images/train/IMG0001790.jpg,0.0875408723950386,1,0,0,0
./images/train/IMG0003084.jpg,0.08626730740070343,1,0,0,0
./images/train/IMG0000636.jpg,0.08602540194988251,1,0,0,0
./images/train/IMG0001610.jpg,0.08264175802469254,2,0,0,0
./images/train/IMG0003918.jpg,0.08258234709501266,1,0,0,0
./images/train/IMG0000783.jpg,0.08250485360622406,1,0,0,0
./images/train/IMG0002288.jpg,0.08040811866521835,1,0,0,0
./images/train/IMG0000869.jpg,0.07919992506504059,1,0,0,0
./images/train/IMG0002852.jpg,0.07846280932426453,1,0,0,0
./images/train/IMG0000041.jpg,0.07805139571428299,1,0,0,0
./images/train/IMG0000620.jpg,0.07775271683931351,1,0,0,0
./images/train/IMG0000816.jpg,0.07647599279880524,1,0,0,0
./images/train/IMG0001889.jpg,0.07586603611707687,1,0,0,0
./images/train/IMG0001004.jpg,0.07554671168327332,1,0,0,0
./images/train/IMG0002261.jpg,0.07511936873197556,1,0,0,0
./images/train/IMG0000982.jpg,0.0730380043387413,1,0,0,0
./images/train/IMG0001663.jpg,0.0716811940073967,1,0,0,0
./images/train/IMG0003450.jpg,0.07044382393360138,1,0,0,0
./images/train/IMG0003662.jpg,0.07022690773010254,1,0,0,0
./images/train/IMG0002924.jpg,0.07010063529014587,1,0,0,0
./images/train/IMG0000510.jpg,0.06932192295789719,1,0,0,0
./images/train/IMG0000956.jpg,0.06891002506017685,1,0,0,0
./images/train/IMG0003364.jpg,0.06852477043867111,1,0,0,0
./images/train/IMG0004263.jpg,0.06785249710083008,1,0,0,0
./images/train/IMG0002859.jpg,0.06753825396299362,1,0,0,0
./images/train/IMG0001996.jpg,0.06676424294710159,1,0,0,0
./images/train/IMG0001528.jpg,0.0649723932147026,1,0,0,0
./images/train/IMG0001343.jpg,0.06453049927949905,1,0,0,0
./images/train/IMG0000036.jpg,0.06442464888095856,1,0,0,0
./images/train/IMG0000157.jpg,0.06217723339796066,1,0,0,0
./images/train/IMG0003437.jpg,0.061500973999500275,1,0,0,0
./images/train/IMG0001590.jpg,0.06142709404230118,1,0,0,0
./images/train/IMG0001415.jpg,0.06068674102425575,1,0,0,0
./images/train/IMG0002004.jpg,0.060461174696683884,1,0,0,0
./images/train/IMG0002088.jpg,0.059801798313856125,1,0,0,0
./images/train/IMG0000532.jpg,0.0597669780254364,1,0,0,0
./images/train/IMG0000605.jpg,0.05944370478391647,1,0,0,0
./images/train/IMG0000535.jpg,0.059413351118564606,1,0,0,0
./images/train/IMG0001292.jpg,0.05756116658449173,1,0,0,0
./images/train/IMG0000417.jpg,0.05644260346889496,1,0,0,0
./images/train/IMG0000017.jpg,0.05575672909617424,1,0,0,0
./images/train/IMG0000012.jpg,0.05440336465835571,1,0,0,0
./images/train/IMG0000133.jpg,0.053519949316978455,1,0,0,0
./images/train/IMG0003166.jpg,0.052786167711019516,1,0,0,0
./images/train/IMG0001622.jpg,0.05270335450768471,1,0,0,0
./images/train/IMG0001059.jpg,0.05269847437739372,1,0,0,0
./images/train/IMG0003480.jpg,0.051766835153102875,1,0,0,0
./images/train/IMG0001617.jpg,0.050671085715293884,1,0,0,0
./images/train/IMG0002182.jpg,0.04779184237122536,0,0,0,0
./images/train/IMG0000863.jpg,0.04778802767395973,0,0,0,0
./images/train/IMG0000353.jpg,0.047651492059230804,0,0,0,0
./images/train/IMG0000265.jpg,0.047648634761571884,0,0,0,0
./images/train/IMG0000094.jpg,0.04736488312482834,0,0,0,0
./images/train/IMG0001518.jpg,0.04673188179731369,0,0,0,0
./images/train/IMG0000274.jpg,0.04577258601784706,0,0,0,0
./images/train/IMG0000126.jpg,0.04543881118297577,0,0,0,0
./images/train/IMG0003161.jpg,0.04536794126033783,0,0,0,0
./images/train/IMG0003789.jpg,0.044395893812179565,0,0,0,0
./images/train/IMG0003065.jpg,0.044233694672584534,0,0,0,0
./images/train/IMG0001157.jpg,0.044055305421352386,0,0,0,0
./images/train/IMG0003029.jpg,0.04386953264474869,0,0,0,0
./images/train/IMG0003998.jpg,0.043103426694869995,0,0,0,0
./images/train/IMG0000970.jpg,0.042706090956926346,0,0,0,0
./images/train/IMG0002259.jpg,0.04241769388318062,0,0,0,0
./images/train/IMG0002234.jpg,0.04221392422914505,0,0,0,0
./images/train/IMG0002629.jpg,0.04211822897195816,0,0,0,0
./images/train/IMG0003811.jpg,0.04143332690000534,0,0,0,0
./images/train/IMG0001563.jpg,0.04131513833999634,0,0,0,0
./images/train/IMG0000784.jpg,0.04035571590065956,0,0,0,0
./images/train/IMG0003860.jpg,0.039943769574165344,0,0,0,0
./images/train/IMG0003568.jpg,0.03921803459525108,0,0,0,0
./images/train/IMG0002868.jpg,0.03845316916704178,0,0,0,0
./images/train/IMG0004193.jpg,0.03845316916704178,0,0,0,0
./images/train/IMG0003761.jpg,0.03811340034008026,0,0,0,0
./images/train/IMG0001791.jpg,0.037770796567201614,0,0,0,0
./images/train/IMG0001258.jpg,0.037758633494377136,0,0,0,0
./images/train/IMG0002001.jpg,0.03773822262883186,0,0,0,0
./images/train/IMG0003412.jpg,0.03760768473148346,0,0,0,0
./images/train/IMG0000610.jpg,0.03683255985379219,0,0,0,0
./images/train/IMG0003052.jpg,0.03609614446759224,0,0,0,0
./images/train/IMG0003481.jpg,0.0355246402323246,0,0,0,0
./images/train/IMG0002047.jpg,0.03486976400017738,0,0,0,0
./images/train/IMG0000662.jpg,0.034758687019348145,0,0,0,0
./images/train/IMG0000752.jpg,0.03475000709295273,0,0,0,0
./images/train/IMG0000669.jpg,0.034088242799043655,0,0,0,0
./images/train/IMG0001506.jpg,0.033827971667051315,0,0,0,0
./images/train/IMG0000080.jpg,0.03378055617213249,0,0,0,0
./images/train/IMG0001374.jpg,0.03308146446943283,0,0,0,0
./images/train/IMG0000690.jpg,0.03303686901926994,0,0,0,0
./images/train/IMG0002741.jpg,0.03261564299464226,0,0,0,0
./images/train/IMG0000968.jpg,0.03231833502650261,0,0,0,0
./images/train/IMG0003646.jpg,0.03154429793357849,0,0,0,0
./images/train/IMG0002030.jpg,0.03140688315033913,0,0,0,0
./images/train/IMG0002908.jpg,0.030776772648096085,0,0,0,0
./images/train/IMG0000891.jpg,0.030374152585864067,0,0,0,0
./images/train/IMG0000624.jpg,0.030187176540493965,0,0,0,0
./images/train/IMG0003252.jpg,0.03001905418932438,0,0,0,0
./images/train/IMG0003318.jpg,0.029821300879120827,0,0,0,0
./images/train/IMG0000933.jpg,0.029812632128596306,0,0,0,0
./images/train/IMG0003251.jpg,0.02952238917350769,0,0,0,0
./images/train/IMG0001434.jpg,0.028706490993499756,0,0,0,0
./images/train/IMG0000559.jpg,0.028405359014868736,0,0,0,0
./images/train/IMG0003816.jpg,0.027705635875463486,0,0,0,0
./images/train/IMG0000046.jpg,0.027252770960330963,0,0,0,0
./images/train/IMG0003039.jpg,0.026859808713197708,0,0,0,0
./images/train/IMG0000233.jpg,0.026585863903164864,0,0,0,0
./images/train/IMG0003706.jpg,0.02612874284386635,0,0,0,0
./images/train/IMG0001329.jpg,0.026097478345036507,0,0,0,0
./images/train/IMG0003765.jpg,0.025724872946739197,0,0,0,0
./images/train/IMG0000276.jpg,0.025454754009842873,0,0,0,0
./images/train/IMG0001138.jpg,0.025409847497940063,0,0,0,0
./images/train/IMG0001976.jpg,0.02531229332089424,0,0,0,0
./images/train/IMG0000164.jpg,0.025303106755018234,0,0,0,0
./images/train/IMG0003145.jpg,0.025059159845113754,0,0,0,0
./images/train/IMG0001728.jpg,0.02409280650317669,0,0,0,0
./images/train/IMG0003400.jpg,0.024049455299973488,0,0,0,0
./images/train/IMG0002200.jpg,0.023080673068761826,0,0,0,0
./images/train/IMG0000778.jpg,0.023053433746099472,0,0,0,0
./images/train/IMG0000280.jpg,0.0228875745087862,0,0,0,0
./images/train/IMG0000135.jpg,0.02285645715892315,0,0,0,0
./images/train/IMG0000061.jpg,0.02273278869688511,0,0,0,0
./images/train/IMG0002965.jpg,0.022175397723913193,0,0,0,0
./images/train/IMG0000091.jpg,0.022051677107810974,0,0,0,0
./images/train/IMG0001507.jpg,0.02198879048228264,0,0,0,0
./images/train/IMG0001499.jpg,0.021643638610839844,0,0,0,0
./images/train/IMG0003664.jpg,0.021611914038658142,0,0,0,0
./images/train/IMG0003326.jpg,0.021293755620718002,0,0,0,0
./images/train/IMG0001460.jpg,0.021282542496919632,0,0,0,0
./images/train/IMG0000846.jpg,0.021266425028443336,0,0,0,0
./images/train/IMG0002948.jpg,0.021265998482704163,0,0,0,0
./images/train/IMG0000104.jpg,0.021207639947533607,0,0,0,0
./images/train/IMG0003853.jpg,0.021052617579698563,0,0,0,0
./images/train/IMG0003976.jpg,0.020903857424855232,0,0,0,0
./images/train/IMG0001105.jpg,0.020835747942328453,0,0,0,0
./images/train/IMG0003478.jpg,0.020315395668148994,0,0,0,0
./images/train/IMG0000383.jpg,0.020312726497650146,0,0,0,0
./images/train/IMG0002034.jpg,0.020311539992690086,0,0,0,0
./images/train/IMG0001521.jpg,0.020250102505087852,0,0,0,0
./images/train/IMG0003652.jpg,0.019748253747820854,0,0,0,0
./images/train/IMG0002010.jpg,0.01943221502006054,0,0,0,0
./images/train/IMG0000018.jpg,0.019428325816988945,0,0,0,0
./images/train/IMG0000803.jpg,0.019352147355675697,0,0,0,0
./images/train/IMG0000140.jpg,0.019013509154319763,0,0,0,0
./images/train/IMG0000060.jpg,0.018753228709101677,0,0,0,0
./images/train/IMG0000817.jpg,0.018665513023734093,0,0,0,0
./images/train/IMG0000726.jpg,0.018507398664951324,0,0,0,0
./images/train/IMG0002680.jpg,0.018445586785674095,0,0,0,0
./images/train/IMG0002071.jpg,0.01833532378077507,0,0,0,0
./images/train/IMG0003129.jpg,0.01824919879436493,0,0,0,0
./images/train/IMG0000397.jpg,0.018210802227258682,0,0,0,0
./images/train/IMG0000608.jpg,0.018033621832728386,0,0,0,0
./images/train/IMG0004182.jpg,0.017506718635559082,0,0,0,0
./images/train/IMG0002938.jpg,0.01740596815943718,0,0,0,0
./images/train/IMG0001967.jpg,0.01728382520377636,0,0,0,0
./images/train/IMG0000253.jpg,0.017176533117890358,0,0,0,0
./images/train/IMG0001891.jpg,0.017151884734630585,0,0,0,0
./images/train/IMG0001081.jpg,0.01705174893140793,0,0,0,0
./images/train/IMG0003538.jpg,0.016797833144664764,0,0,0,0
./images/train/IMG0003506.jpg,0.01656225323677063,0,0,0,0
./images/train/IMG0004084.jpg,0.016510995104908943,0,0,0,0
./images/train/IMG0003436.jpg,0.01632261648774147,0,0,0,0
./images/train/IMG0000208.jpg,0.016232244670391083,0,0,0,0
./images/train/IMG0002284.jpg,0.015987196937203407,0,0,0,0
./images/train/IMG0001397.jpg,0.01590786874294281,0,0,0,0
./images/train/IMG0001253.jpg,0.015797723084688187,0,0,0,0
./images/train/IMG0001551.jpg,0.01578710973262787,0,0,0,0
./images/train/IMG0000507.jpg,0.015743212774395943,0,0,0,0
./images/train/IMG0004107.jpg,0.015680713579058647,0,0,0,0
./images/train/IMG0002871.jpg,0.015640756115317345,0,0,0,0
./images/train/IMG0001608.jpg,0.01545939315110445,0,0,0,0
./images/train/IMG0001787.jpg,0.015294917859137058,0,0,0,0
./images/train/IMG0000813.jpg,0.015211319550871849,0,0,0,0
./images/train/IMG0001919.jpg,0.015110965818166733,0,0,0,0
./images/train/IMG0001419.jpg,0.015064772218465805,0,0,0,0
./images/train/IMG0001720.jpg,0.014801210723817348,0,0,0,0
./images/train/IMG0000496.jpg,0.014761456288397312,0,0,0,0
./images/train/IMG0000184.jpg,0.014738276600837708,0,0,0,0
./images/train/IMG0002729.jpg,0.01473621279001236,0,0,0,0
./images/train/IMG0002836.jpg,0.014729402028024197,0,0,0,0
./images/train/IMG0001085.jpg,0.01446694415062666,0,0,0,0
./images/train/IMG0001124.jpg,0.01436808705329895,0,0,0,0
./images/train/IMG0001339.jpg,0.014363590627908707,0,0,0,0
./images/train/IMG0000948.jpg,0.014347882941365242,0,0,0,0
./images/train/IMG0002160.jpg,0.01429192628711462,0,0,0,0
./images/train/IMG0001685.jpg,0.014195028692483902,0,0,0,0
./images/train/IMG0000508.jpg,0.014106588438153267,0,0,0,0
./images/train/IMG0001692.jpg,0.014019317924976349,0,0,0,0
./images/train/IMG0000166.jpg,0.01387853268533945,0,0,0,0
./images/train/IMG0001171.jpg,0.013754772953689098,0,0,0,0
./images/train/IMG0003507.jpg,0.013743872754275799,0,0,0,0
./images/train/IMG0002230.jpg,0.013715732842683792,0,0,0,0
./images/train/IMG0001718.jpg,0.013604892417788506,0,0,0,0
./images/train/IMG0001579.jpg,0.013544376008212566,0,0,0,0
./images/train/IMG0003757.jpg,0.01354212686419487,0,0,0,0
./images/train/IMG0002819.jpg,0.01332907285541296,0,0,0,0
./images/train/IMG0002175.jpg,0.01327861100435257,0,0,0,0
./images/train/IMG0000165.jpg,0.013207226060330868,0,0,0,0
./images/train/IMG0003621.jpg,0.013125062920153141,0,0,0,0
./images/train/IMG0001885.jpg,0.012964380905032158,0,0,0,0
./images/train/IMG0002683.jpg,0.012906504794955254,0,0,0,0
./images/train/IMG0002669.jpg,0.012904956005513668,0,0,0,0
./images/train/IMG0004059.jpg,0.012904956005513668,0,0,0,0
./images/train/IMG0000278.jpg,0.012706970795989037,0,0,0,0
./images/train/IMG0003787.jpg,0.012533891014754772,0,0,0,0
./images/train/IMG0000996.jpg,0.012484577484428883,0,0,0,0
./images/train/IMG0001346.jpg,0.01238082256168127,0,0,0,0
./images/train/IMG0000296.jpg,0.01233804039657116,0,0,0,0
./images/train/IMG0000376.jpg,0.012277176603674889,0,0,0,0
./images/train/IMG0001291.jpg,0.012267669662833214,0,0,0,0
./images/train/IMG0000271.jpg,0.012205050326883793,0,0,0,0
./images/train/IMG0001531.jpg,0.01210460439324379,0,0,0,0
./images/train/IMG0000823.jpg,0.01210442092269659,0,0,0,0
./images/train/IMG0000780.jpg,0.012007632292807102,0,0,0,0
./images/train/IMG0003061.jpg,0.011917873285710812,0,0,0,0
./images/train/IMG0000604.jpg,0.011818709783256054,0,0,0,0
./images/train/IMG0001702.jpg,0.011809113435447216,0,0,0,0
./images/train/IMG0001785.jpg,0.011716717854142189,0,0,0,0
./images/train/IMG0003368.jpg,0.011664357036352158,0,0,0,0
./images/train/IMG0001122.jpg,0.011660026386380196,0,0,0,0
./images/train/IMG0003593.jpg,0.011636672541499138,0,0,0,0
./images/train/IMG0003592.jpg,0.011548619717359543,0,0,0,0
./images/train/IMG0003512.jpg,0.01137598603963852,0,0,0,0
./images/train/IMG0003349.jpg,0.011373509652912617,0,0,0,0
./images/train/IMG0000431.jpg,0.011254680342972279,0,0,0,0
./images/train/IMG0003658.jpg,0.01114807091653347,0,0,0,0
./images/train/IMG0001942.jpg,0.011124205775558949,0,0,0,0
./images/train/IMG0000861.jpg,0.011099929921329021,0,0,0,0
./images/train/IMG0000733.jpg,0.011061587370932102,0,0,0,0
./images/train/IMG0002712.jpg,0.01104925200343132,0,0,0,0
./images/train/IMG0000658.jpg,0.0110092144459486,0,0,0,0
./images/train/IMG0002090.jpg,0.011003255844116211,0,0,0,0
./images/train/IMG0000152.jpg,0.010966747999191284,0,0,0,0
./images/train/IMG0003832.jpg,0.010942966677248478,0,0,0,0
./images/train/IMG0001137.jpg,0.010688099078834057,0,0,0,0
./images/train/IMG0003350.jpg,0.010661737062036991,0,0,0,0
./images/train/IMG0000129.jpg,0.010655134916305542,0,0,0,0
./images/train/IMG0002933.jpg,0.010554611682891846,0,0,0,0
./images/train/IMG0000595.jpg,0.010546865873038769,0,0,0,0
./images/train/IMG0000128.jpg,0.01051643118262291,0,0,0,0
./images/train/IMG0001467.jpg,0.010304919444024563,0,0,0,0
./images/train/IMG0002202.jpg,0.010291021317243576,0,0,0,0
./images/train/IMG0003150.jpg,0.010220740921795368,0,0,0,0
./images/train/IMG0003045.jpg,0.010155751369893551,0,0,0,0
./images/train/IMG0003302.jpg,0.010074648074805737,0,0,0,0
./images/train/IMG0000015.jpg,0.009889413602650166,0,0,0,0
./images/train/IMG0000314.jpg,0.009805195964872837,0,0,0,0
./images/train/IMG0000082.jpg,0.009748184122145176,0,0,0,0
./images/train/IMG0000913.jpg,0.009655012749135494,0,0,0,0
./images/train/IMG0002089.jpg,0.00937284529209137,0,0,0,0
./images/train/IMG0001588.jpg,0.009338921867311,0,0,0,0
./images/train/IMG0001486.jpg,0.009321705438196659,0,0,0,0
./images/train/IMG0003799.jpg,0.00908172782510519,0,0,0,0
./images/train/IMG0002184.jpg,0.009021647274494171,0,0,0,0
./images/train/IMG0003038.jpg,0.008889385499060154,0,0,0,0
./images/train/IMG0001533.jpg,0.008860955014824867,0,0,0,0
./images/train/IMG0002936.jpg,0.008858694694936275,0,0,0,0
./images/train/IMG0003527.jpg,0.008715791627764702,0,0,0,0
./images/train/IMG0001987.jpg,0.008585453033447266,0,0,0,0
./images/train/IMG0004142.jpg,0.008535448461771011,0,0,0,0
./images/train/IMG0000741.jpg,0.00851436611264944,0,0,0,0
./images/train/IMG0001476.jpg,0.008386851288378239,0,0,0,0
./images/train/IMG0002851.jpg,0.00838559027761221,0,0,0,0
./images/train/IMG0001527.jpg,0.008301069028675556,0,0,0,0
./images/train/IMG0002893.jpg,0.008282299153506756,0,0,0,0
./images/train/IMG0000139.jpg,0.008280704729259014,0,0,0,0
./images/train/IMG0001908.jpg,0.00815317127853632,0,0,0,0
./images/train/IMG0001414.jpg,0.008066637441515923,0,0,0,0
./images/train/IMG0003387.jpg,0.008016296662390232,0,0,0,0
./images/train/IMG0001586.jpg,0.007926316931843758,0,0,0,0
./images/train/IMG0002131.jpg,0.007847300730645657,0,0,0,0
./images/train/IMG0003683.jpg,0.007691926788538694,0,0,0,0
./images/train/IMG0002730.jpg,0.007611507549881935,0,0,0,0
./images/train/IMG0003493.jpg,0.007535467855632305,0,0,0,0
./images/train/IMG0003542.jpg,0.007524185348302126,0,0,0,0
./images/train/IMG0003985.jpg,0.007519049104303122,0,0,0,0
./images/train/IMG0000257.jpg,0.007471021264791489,0,0,0,0
./images/train/IMG0002054.jpg,0.007367342244833708,0,0,0,0
./images/train/IMG0001503.jpg,0.0073277815245091915,0,0,0,0
./images/train/IMG0001655.jpg,0.0073205153457820415,0,0,0,0
./images/train/IMG0002944.jpg,0.0072881183587014675,0,0,0,0
./images/train/IMG0000350.jpg,0.007265858352184296,0,0,0,0
./images/train/IMG0003631.jpg,0.00717706186696887,0,0,0,0
./images/train/IMG0003462.jpg,0.007100018206983805,0,0,0,0
./images/train/IMG0001768.jpg,0.0070297932252287865,0,0,0,0
./images/train/IMG0000529.jpg,0.007028814870864153,0,0,0,0
./images/train/IMG0003723.jpg,0.007011131849139929,0,0,0,0
./images/train/IMG0001883.jpg,0.006993065122514963,0,0,0,0
./images/train/IMG0000802.jpg,0.006962156854569912,0,0,0,0
./images/train/IMG0001607.jpg,0.006905414164066315,0,0,0,0
./images/train/IMG0000006.jpg,0.00687047652900219,0,0,0,0
./images/train/IMG0003054.jpg,0.006862240377813578,0,0,0,0
./images/train/IMG0000231.jpg,0.006836920045316219,0,0,0,0
./images/train/IMG0003022.jpg,0.006824837531894445,0,0,0,0
./images/train/IMG0001349.jpg,0.006807228550314903,0,0,0,0
./images/train/IMG0000661.jpg,0.006749732419848442,0,0,0,0
./images/train/IMG0000084.jpg,0.006680293940007687,0,0,0,0
./images/train/IMG0003515.jpg,0.006640848703682423,0,0,0,0
./images/train/IMG0000315.jpg,0.006635242607444525,0,0,0,0
./images/train/IMG0000024.jpg,0.006612291559576988,0,0,0,0
./images/train/IMG0000266.jpg,0.0065995375625789165,0,0,0,0
./images/train/IMG0002806.jpg,0.0065727499313652515,0,0,0,0
./images/train/IMG0002967.jpg,0.0065724509768188,0,0,0,0
./images/train/IMG0001373.jpg,0.00653863325715065,0,0,0,0
./images/train/IMG0003003.jpg,0.00653454614803195,0,0,0,0
./images/train/IMG0004251.jpg,0.0065030246041715145,0,0,0,0
./images/train/IMG0003108.jpg,0.006482874508947134,0,0,0,0
./images/train/IMG0000428.jpg,0.006457126699388027,0,0,0,0
./images/train/IMG0003528.jpg,0.00645151874050498,0,0,0,0
./images/train/IMG0004159.jpg,0.006434842478483915,0,0,0,0
./images/train/IMG0001662.jpg,0.006417230237275362,0,0,0,0
./images/train/IMG0001412.jpg,0.006402807310223579,0,0,0,0
./images/train/IMG0003729.jpg,0.006358335725963116,0,0,0,0
./images/train/IMG0003155.jpg,0.006332851480692625,0,0,0,0
./images/train/IMG0000215.jpg,0.0062730819918215275,0,0,0,0
./images/train/IMG0002205.jpg,0.006250984966754913,0,0,0,0
./images/train/IMG0003777.jpg,0.006222657393664122,0,0,0,0
./images/train/IMG0000396.jpg,0.0061938706785440445,0,0,0,0
./images/train/IMG0002778.jpg,0.006026462651789188,0,0,0,0
./images/train/IMG0000558.jpg,0.006017064210027456,0,0,0,0
./images/train/IMG0000641.jpg,0.00597791001200676,0,0,0,0
./images/train/IMG0000150.jpg,0.0059405965730547905,0,0,0,0
./images/train/IMG0001634.jpg,0.005934081505984068,0,0,0,0
./images/train/IMG0002109.jpg,0.005903793964534998,0,0,0,0
./images/train/IMG0000452.jpg,0.005881353281438351,0,0,0,0
./images/train/IMG0000773.jpg,0.00584269966930151,0,0,0,0
./images/train/IMG0001765.jpg,0.005763912107795477,0,0,0,0
./images/train/IMG0003550.jpg,0.005739795509725809,0,0,0,0
./images/train/IMG0001925.jpg,0.0057216305285692215,0,0,0,0
./images/train/IMG0000445.jpg,0.005514975171536207,0,0,0,0
./images/train/IMG0000859.jpg,0.005458267405629158,0,0,0,0
./images/train/IMG0002052.jpg,0.005424172151833773,0,0,0,0
./images/train/IMG0001422.jpg,0.005403162911534309,0,0,0,0
./images/train/IMG0003815.jpg,0.005391395650804043,0,0,0,0
./images/train/IMG0003529.jpg,0.005387390032410622,0,0,0,0
./images/train/IMG0003720.jpg,0.005319226998835802,0,0,0,0
./images/train/IMG0001100.jpg,0.00530772190541029,0,0,0,0
./images/train/IMG0003231.jpg,0.0052911704406142235,0,0,0,0
./images/train/IMG0003749.jpg,0.005278371274471283,0,0,0,0
./images/train/IMG0004225.jpg,0.005276011303067207,0,0,0,0
./images/train/IMG0003156.jpg,0.005272718612104654,0,0,0,0
./images/train/IMG0003958.jpg,0.005252185743302107,0,0,0,0
./images/train/IMG0003983.jpg,0.005235634744167328,0,0,0,0
./images/train/IMG0000273.jpg,0.0052255187183618546,0,0,0,0
./images/train/IMG0000993.jpg,0.005224728491157293,0,0,0,0
./images/train/IMG0000248.jpg,0.005189390853047371,0,0,0,0
./images/train/IMG0002117.jpg,0.005159931723028421,0,0,0,0
./images/train/IMG0001687.jpg,0.005137446336448193,0,0,0,0
./images/train/IMG0001775.jpg,0.005108501296490431,0,0,0,0
./images/train/IMG0001282.jpg,0.005081681068986654,0,0,0,0
./images/train/IMG0003428.jpg,0.005077342968434095,0,0,0,0
./images/train/IMG0000279.jpg,0.005025039426982403,0,0,0,0
./images/train/IMG0002286.jpg,0.004963241051882505,0,0,0,0
./images/train/IMG0000841.jpg,0.004950413946062326,0,0,0,0
./images/train/IMG0003300.jpg,0.0049319788813591,0,0,0,0
./images/train/IMG0003597.jpg,0.004912761505693197,0,0,0,0
./images/train/IMG0002231.jpg,0.004898014012724161,0,0,0,0
./images/train/IMG0002003.jpg,0.004861443303525448,0,0,0,0
./images/train/IMG0002975.jpg,0.004848693963140249,0,0,0,0
./images/train/IMG0001955.jpg,0.004796607885509729,0,0,0,0
./images/train/IMG0002708.jpg,0.004790872801095247,0,0,0,0
./images/train/IMG0000917.jpg,0.0047835917212069035,0,0,0,0
./images/train/IMG0003537.jpg,0.004769963212311268,0,0,0,0
./images/train/IMG0001388.jpg,0.004769094288349152,0,0,0,0
./images/train/IMG0000561.jpg,0.004764687269926071,0,0,0,0
./images/train/IMG0000055.jpg,0.004757486749440432,0,0,0,0
./images/train/IMG0003707.jpg,0.004670876078307629,0,0,0,0
./images/train/IMG0001017.jpg,0.004665153566747904,0,0,0,0
./images/train/IMG0000621.jpg,0.004664991982281208,0,0,0,0
./images/train/IMG0003479.jpg,0.004662220366299152,0,0,0,0
./images/train/IMG0003808.jpg,0.004662147723138332,0,0,0,0
./images/train/IMG0000413.jpg,0.004637822508811951,0,0,0,0
./images/train/IMG0000051.jpg,0.004627082031220198,0,0,0,0
./images/train/IMG0003040.jpg,0.004610929172486067,0,0,0,0
./images/train/IMG0002214.jpg,0.004517975728958845,0,0,0,0
./images/train/IMG0002046.jpg,0.004505419172346592,0,0,0,0
./images/train/IMG0000797.jpg,0.00446903333067894,0,0,0,0
./images/train/IMG0000576.jpg,0.004457276780158281,0,0,0,0
./images/train/IMG0003154.jpg,0.0044542583636939526,0,0,0,0
./images/train/IMG0001747.jpg,0.0044172415509819984,0,0,0,0
./images/train/IMG0001963.jpg,0.0044129700399935246,0,0,0,0
./images/train/IMG0002193.jpg,0.0044036549516022205,0,0,0,0
./images/train/IMG0003223.jpg,0.004388926085084677,0,0,0,0
./images/train/IMG0000402.jpg,0.004359210375696421,0,0,0,0
./images/train/IMG0002087.jpg,0.0043446775525808334,0,0,0,0
./images/train/IMG0001850.jpg,0.004276389256119728,0,0,0,0
./images/train/IMG0000976.jpg,0.004244566895067692,0,0,0,0
./images/train/IMG0000966.jpg,0.004220020025968552,0,0,0,0
./images/train/IMG0002092.jpg,0.00421151053160429,0,0,0,0
./images/train/IMG0001974.jpg,0.004205180332064629,0,0,0,0
./images/train/IMG0000368.jpg,0.004172484390437603,0,0,0,0
./images/train/IMG0001830.jpg,0.004109857138246298,0,0,0,0
./images/train/IMG0002736.jpg,0.004102194216102362,0,0,0,0
./images/train/IMG0004214.jpg,0.004099199082702398,0,0,0,0
./images/train/IMG0001018.jpg,0.004075770266354084,0,0,0,0
./images/train/IMG0001857.jpg,0.004059812054038048,0,0,0,0
./images/train/IMG0003284.jpg,0.00405288627371192,0,0,0,0
./images/train/IMG0003578.jpg,0.004049796611070633,0,0,0,0
./images/train/IMG0002892.jpg,0.004043097607791424,0,0,0,0
./images/train/IMG0003576.jpg,0.004042607732117176,0,0,0,0
./images/train/IMG0000219.jpg,0.004040047526359558,0,0,0,0
./images/train/IMG0001620.jpg,0.0039980728179216385,0,0,0,0
./images/train/IMG0001994.jpg,0.003975532948970795,0,0,0,0
./images/train/IMG0000162.jpg,0.003975370433181524,0,0,0,0
./images/train/IMG0000642.jpg,0.003974047489464283,0,0,0,0
./images/train/IMG0002823.jpg,0.003969382494688034,0,0,0,0
./images/train/IMG0000109.jpg,0.003907563630491495,0,0,0,0
./images/train/IMG0003781.jpg,0.0038530216552317142,0,0,0,0
./images/train/IMG0003136.jpg,0.0038397139869630337,0,0,0,0
./images/train/IMG0000571.jpg,0.0038132036570459604,0,0,0,0
./images/train/IMG0003486.jpg,0.003799365134909749,0,0,0,0
./images/train/IMG0002168.jpg,0.003781271865591407,0,0,0,0
./images/train/IMG0001375.jpg,0.003775036893785,0,0,0,0
./images/train/IMG0003573.jpg,0.00374419498257339,0,0,0,0
./images/train/IMG0000245.jpg,0.0037206141278147697,0,0,0,0
./images/train/IMG0002210.jpg,0.003697317326441407,0,0,0,0
./images/train/IMG0000049.jpg,0.00362504948861897,0,0,0,0
./images/train/IMG0000796.jpg,0.003620195435360074,0,0,0,0
./images/train/IMG0002798.jpg,0.003576702903956175,0,0,0,0
./images/train/IMG0000322.jpg,0.0035732733085751534,0,0,0,0
./images/train/IMG0000334.jpg,0.003565669059753418,0,0,0,0
./images/train/IMG0001324.jpg,0.0035431396681815386,0,0,0,0
./images/train/IMG0000584.jpg,0.003535706317052245,0,0,0,0
./images/train/IMG0003385.jpg,0.0035104306880384684,0,0,0,0
./images/train/IMG0000998.jpg,0.0034726636949926615,0,0,0,0
./images/train/IMG0001969.jpg,0.0034668021835386753,0,0,0,0
./images/train/IMG0000086.jpg,0.0034369982313364744,0,0,0,0
./images/train/IMG0003590.jpg,0.0034217494539916515,0,0,0,0
./images/train/IMG0002027.jpg,0.0034167300909757614,0,0,0,0
./images/train/IMG0001906.jpg,0.0033750177826732397,0,0,0,0
./images/train/IMG0000522.jpg,0.003373816842213273,0,0,0,0
./images/train/IMG0000677.jpg,0.003362592775374651,0,0,0,0
./images/train/IMG0002228.jpg,0.003355548018589616,0,0,0,0
./images/train/IMG0003679.jpg,0.0033451125491410494,0,0,0,0
./images/train/IMG0002861.jpg,0.003330620238557458,0,0,0,0
./images/train/IMG0002991.jpg,0.0033208997920155525,0,0,0,0
./images/train/IMG0003487.jpg,0.00328774843364954,0,0,0,0
./images/train/IMG0002158.jpg,0.0032784645445644855,0,0,0,0
./images/train/IMG0000331.jpg,0.003277447074651718,0,0,0,0
./images/train/IMG0002623.jpg,0.003266160376369953,0,0,0,0
./images/train/IMG0001211.jpg,0.0032479262445122004,0,0,0,0
./images/train/IMG0001637.jpg,0.0032180806156247854,0,0,0,0
./images/train/IMG0000590.jpg,0.0032016143668442965,0,0,0,0
./images/train/IMG0001845.jpg,0.00319988583214581,0,0,0,0
./images/train/IMG0004123.jpg,0.0031806069891899824,0,0,0,0
./images/train/IMG0001669.jpg,0.003172999480739236,0,0,0,0
./images/train/IMG0002940.jpg,0.0031448951922357082,0,0,0,0
./images/train/IMG0001493.jpg,0.0031306706368923187,0,0,0,0
./images/train/IMG0003735.jpg,0.0031305395532399416,0,0,0,0
./images/train/IMG0000477.jpg,0.00312948040664196,0,0,0,0
./images/train/IMG0001357.jpg,0.0031121564097702503,0,0,0,0
./images/train/IMG0001120.jpg,0.0031030774116516113,0,0,0,0
./images/train/IMG0004092.jpg,0.003102552378550172,0,0,0,0
./images/train/IMG0002100.jpg,0.003092849859967828,0,0,0,0
./images/train/IMG0000321.jpg,0.0030768979340791702,0,0,0,0
./images/train/IMG0001767.jpg,0.0030714909080415964,0,0,0,0
./images/train/IMG0002183.jpg,0.0030520919244736433,0,0,0,0
./images/train/IMG0001050.jpg,0.0030460504349321127,0,0,0,0
./images/train/IMG0001759.jpg,0.0030380431562662125,0,0,0,0
./images/train/IMG0003080.jpg,0.0030169396195560694,0,0,0,0
./images/train/IMG0000838.jpg,0.00300421891734004,0,0,0,0
./images/train/IMG0002926.jpg,0.0029950120951980352,0,0,0,0
./images/train/IMG0003089.jpg,0.0029039764776825905,0,0,0,0
./images/train/IMG0000305.jpg,0.002898516831919551,0,0,0,0
./images/train/IMG0003917.jpg,0.0028983294032514095,0,0,0,0
./images/train/IMG0004029.jpg,0.002893803408369422,0,0,0,0
./images/train/IMG0000211.jpg,0.0028891086112707853,0,0,0,0
./images/train/IMG0003173.jpg,0.002880409825593233,0,0,0,0
./images/train/IMG0003841.jpg,0.002865773858502507,0,0,0,0
./images/train/IMG0000648.jpg,0.0028536126483231783,0,0,0,0
./images/train/IMG0003407.jpg,0.0028517544269561768,0,0,0,0
./images/train/IMG0000616.jpg,0.0028503378853201866,0,0,0,0
./images/train/IMG0002253.jpg,0.0028435804415494204,0,0,0,0
./images/train/IMG0001553.jpg,0.0028400521259754896,0,0,0,0
./images/train/IMG0000633.jpg,0.0028389976359903812,0,0,0,0
./images/train/IMG0002022.jpg,0.0028175991028547287,0,0,0,0
./images/train/IMG0001621.jpg,0.0027975805569440126,0,0,0,0
./images/train/IMG0002252.jpg,0.0027970753144472837,0,0,0,0
./images/train/IMG0002760.jpg,0.0027860417030751705,0,0,0,0
./images/train/IMG0001729.jpg,0.0027463589794933796,0,0,0,0
./images/train/IMG0000103.jpg,0.002708388026803732,0,0,0,0
./images/train/IMG0002947.jpg,0.0027013367507606745,0,0,0,0
./images/train/IMG0003149.jpg,0.0026678743306547403,0,0,0,0
./images/train/IMG0001058.jpg,0.0026604635640978813,0,0,0,0
./images/train/IMG0002637.jpg,0.0026345478836447,0,0,0,0
./images/train/IMG0001874.jpg,0.002626953413709998,0,0,0,0
./images/train/IMG0001680.jpg,0.0026265401393175125,0,0,0,0
./images/train/IMG0000834.jpg,0.0026151088532060385,0,0,0,0
./images/train/IMG0000141.jpg,0.002613230375573039,0,0,0,0
./images/train/IMG0001937.jpg,0.002609172137454152,0,0,0,0
./images/train/IMG0000147.jpg,0.002605171874165535,0,0,0,0
./images/train/IMG0001613.jpg,0.002597359474748373,0,0,0,0
./images/train/IMG0000919.jpg,0.0025869393721222878,0,0,0,0
./images/train/IMG0001954.jpg,0.0025834906846284866,0,0,0,0
./images/train/IMG0000488.jpg,0.0025774878449738026,0,0,0,0
./images/train/IMG0000598.jpg,0.002570707816630602,0,0,0,0
./images/train/IMG0003353.jpg,0.0025535793974995613,0,0,0,0
./images/train/IMG0003496.jpg,0.0025508152320981026,0,0,0,0
./images/train/IMG0000022.jpg,0.0025414240080863237,0,0,0,0
./images/train/IMG0000212.jpg,0.0025330442003905773,0,0,0,0
./images/train/IMG0003802.jpg,0.0025206219870597124,0,0,0,0
./images/train/IMG0003543.jpg,0.002504698233678937,0,0,0,0
./images/train/IMG0002073.jpg,0.0025002597831189632,0,0,0,0
./images/train/IMG0002719.jpg,0.0025002455804497004,0,0,0,0
./images/train/IMG0001658.jpg,0.0024980271700769663,0,0,0,0
./images/train/IMG0000096.jpg,0.0024960592854768038,0,0,0,0
./images/train/IMG0004073.jpg,0.0024652585852891207,0,0,0,0
./images/train/IMG0000120.jpg,0.002447034465149045,0,0,0,0
./images/train/IMG0002080.jpg,0.002403487451374531,0,0,0,0
./images/train/IMG0003248.jpg,0.0023980673868209124,0,0,0,0
./images/train/IMG0002792.jpg,0.002394910668954253,0,0,0,0
./images/train/IMG0003272.jpg,0.002393523696810007,0,0,0,0
./images/train/IMG0000158.jpg,0.002390905050560832,0,0,0,0
./images/train/IMG0000824.jpg,0.0023802141658961773,0,0,0,0
./images/train/IMG0002199.jpg,0.0023765291552990675,0,0,0,0
./images/train/IMG0000374.jpg,0.002366096945479512,0,0,0,0
./images/train/IMG0001047.jpg,0.002351196249946952,0,0,0,0
./images/train/IMG0002659.jpg,0.002342226216569543,0,0,0,0
./images/train/IMG0004065.jpg,0.002342226216569543,0,0,0,0
./images/train/IMG0000586.jpg,0.002342212712392211,0,0,0,0
./images/train/IMG0002702.jpg,0.0023340387269854546,0,0,0,0
./images/train/IMG0003163.jpg,0.0023335355799645185,0,0,0,0
./images/train/IMG0001928.jpg,0.002327803522348404,0,0,0,0
./images/train/IMG0003678.jpg,0.002324209315702319,0,0,0,0
./images/train/IMG0000897.jpg,0.002313292119652033,0,0,0,0
./images/train/IMG0002957.jpg,0.002301454544067383,0,0,0,0
./images/train/IMG0000843.jpg,0.0022997206542640924,0,0,0,0
./images/train/IMG0001125.jpg,0.0022830746602267027,0,0,0,0
./images/train/IMG0000132.jpg,0.0022794215474277735,0,0,0,0
./images/train/IMG0002985.jpg,0.0022705465089529753,0,0,0,0
./images/train/IMG0002873.jpg,0.002253655344247818,0,0,0,0
./images/train/IMG0001353.jpg,0.002241184702143073,0,0,0,0
./images/train/IMG0003119.jpg,0.0022075148299336433,0,0,0,0
./images/train/IMG0002897.jpg,0.002195642562583089,0,0,0,0
./images/train/IMG0004236.jpg,0.002195642562583089,0,0,0,0
./images/train/IMG0004098.jpg,0.0021517546847462654,0,0,0,0
./images/train/IMG0001913.jpg,0.002147591905668378,0,0,0,0
./images/train/IMG0002805.jpg,0.0021297552157193422,0,0,0,0
./images/train/IMG0003168.jpg,0.0021096847485750914,0,0,0,0
./images/train/IMG0001993.jpg,0.0020857686176896095,0,0,0,0
./images/train/IMG0001482.jpg,0.0020722581539303064,0,0,0,0
./images/train/IMG0003226.jpg,0.002070350805297494,0,0,0,0
./images/train/IMG0002035.jpg,0.0020583360455930233,0,0,0,0
./images/train/IMG0002824.jpg,0.002041765721514821,0,0,0,0
./images/train/IMG0001591.jpg,0.0020386045798659325,0,0,0,0
./images/train/IMG0003179.jpg,0.002016698708757758,0,0,0,0
./images/train/IMG0003273.jpg,0.001991608180105686,0,0,0,0
./images/train/IMG0002771.jpg,0.0019858425948768854,0,0,0,0
./images/train/IMG0002112.jpg,0.001972966594621539,0,0,0,0
./images/train/IMG0000547.jpg,0.001965763047337532,0,0,0,0
./images/train/IMG0000027.jpg,0.00194115424528718,0,0,0,0
./images/train/IMG0000979.jpg,0.0019389810040593147,0,0,0,0
./images/train/IMG0001567.jpg,0.0019379965960979462,0,0,0,0
./images/train/IMG0003971.jpg,0.0019348853966221213,0,0,0,0
./images/train/IMG0000513.jpg,0.0019323179731145501,0,0,0,0
./images/train/IMG0000148.jpg,0.0019315620884299278,0,0,0,0
./images/train/IMG0001331.jpg,0.001930032973177731,0,0,0,0
./images/train/IMG0000594.jpg,0.0019161790842190385,0,0,0,0
./images/train/IMG0001267.jpg,0.0019141191150993109,0,0,0,0
./images/train/IMG0000676.jpg,0.0019095925381407142,0,0,0,0
./images/train/IMG0002663.jpg,0.001907109166495502,0,0,0,0
./images/train/IMG0000358.jpg,0.001901734503917396,0,0,0,0
./images/train/IMG0002254.jpg,0.0019000654574483633,0,0,0,0
./images/train/IMG0003737.jpg,0.001896014786325395,0,0,0,0
./images/train/IMG0003651.jpg,0.0018927978817373514,0,0,0,0
./images/train/IMG0000460.jpg,0.001883603516034782,0,0,0,0
./images/train/IMG0002856.jpg,0.0018832744099199772,0,0,0,0
./images/train/IMG0001907.jpg,0.0018805625149980187,0,0,0,0
./images/train/IMG0001172.jpg,0.0018531458918005228,0,0,0,0
./images/train/IMG0000546.jpg,0.0018425320740789175,0,0,0,0
./images/train/IMG0000519.jpg,0.0018412417266517878,0,0,0,0
./images/train/IMG0002244.jpg,0.0018398180836811662,0,0,0,0
./images/train/IMG0001502.jpg,0.00183852796908468,0,0,0,0
./images/train/IMG0002633.jpg,0.0018236760515719652,0,0,0,0
./images/train/IMG0003185.jpg,0.0018046061741188169,0,0,0,0
./images/train/IMG0000405.jpg,0.0018013253575190902,0,0,0,0
./images/train/IMG0002260.jpg,0.0018010109197348356,0,0,0,0
./images/train/IMG0003598.jpg,0.0017930688336491585,0,0,0,0
./images/train/IMG0002956.jpg,0.0017907071160152555,0,0,0,0
./images/train/IMG0004260.jpg,0.0017907071160152555,0,0,0,0
./images/train/IMG0003120.jpg,0.0017873853212222457,0,0,0,0
./images/train/IMG0002057.jpg,0.001785681233741343,0,0,0,0
./images/train/IMG0001595.jpg,0.0017711450345814228,0,0,0,0
./images/train/IMG0003066.jpg,0.0017704707570374012,0,0,0,0
./images/train/IMG0001574.jpg,0.0017579892883077264,0,0,0,0
./images/train/IMG0001438.jpg,0.0017535231309011579,0,0,0,0
./images/train/IMG0002973.jpg,0.001753171905875206,0,0,0,0
./images/train/IMG0002989.jpg,0.001750816823914647,0,0,0,0
./images/train/IMG0001975.jpg,0.0017413990572094917,0,0,0,0
./images/train/IMG0002667.jpg,0.0017277548322454095,0,0,0,0
./images/train/IMG0003082.jpg,0.0017268970841541886,0,0,0,0
./images/train/IMG0003076.jpg,0.001721901586279273,0,0,0,0
./images/train/IMG0003025.jpg,0.0017146440222859383,0,0,0,0
./images/train/IMG0001603.jpg,0.0017138998955488205,0,0,0,0
./images/train/IMG0000177.jpg,0.0017099295509979129,0,0,0,0
./images/train/IMG0000255.jpg,0.0017095505027100444,0,0,0,0
./images/train/IMG0001700.jpg,0.0016794779803603888,0,0,0,0
./images/train/IMG0001416.jpg,0.0016713929362595081,0,0,0,0
./images/train/IMG0002763.jpg,0.0016640834510326385,0,0,0,0
./images/train/IMG0001090.jpg,0.001662345603108406,0,0,0,0
./images/train/IMG0000004.jpg,0.001660356530919671,0,0,0,0
./images/train/IMG0002883.jpg,0.0016551888547837734,0,0,0,0
./images/train/IMG0001238.jpg,0.0016543689416721463,0,0,0,0
./images/train/IMG0000643.jpg,0.0016419206513091922,0,0,0,0
./images/train/IMG0000409.jpg,0.001621339120902121,0,0,0,0
./images/train/IMG0000567.jpg,0.0016192286275327206,0,0,0,0
./images/train/IMG0000186.jpg,0.0016151266172528267,0,0,0,0
./images/train/IMG0000601.jpg,0.0016078953631222248,0,0,0,0
./images/train/IMG0003380.jpg,0.0015952466055750847,0,0,0,0
./images/train/IMG0000097.jpg,0.001584372716024518,0,0,0,0
./images/train/IMG0000099.jpg,0.00158288748934865,0,0,0,0
./images/train/IMG0001305.jpg,0.0015676893526688218,0,0,0,0
./images/train/IMG0002216.jpg,0.0015491622034460306,0,0,0,0
./images/train/IMG0003783.jpg,0.0015410123160108924,0,0,0,0
./images/train/IMG0003317.jpg,0.0015382225392386317,0,0,0,0
./images/train/IMG0001435.jpg,0.0015325994463637471,0,0,0,0
./images/train/IMG0003109.jpg,0.0015318116638809443,0,0,0,0
./images/train/IMG0001742.jpg,0.001526742591522634,0,0,0,0
./images/train/IMG0001508.jpg,0.001522399135865271,0,0,0,0
./images/train/IMG0001335.jpg,0.0015108981169760227,0,0,0,0
./images/train/IMG0000935.jpg,0.0015011264476925135,0,0,0,0
./images/train/IMG0003352.jpg,0.0014908306766301394,0,0,0,0
./images/train/IMG0001638.jpg,0.0014807302504777908,0,0,0,0
./images/train/IMG0001953.jpg,0.001477536279708147,0,0,0,0
./images/train/IMG0001782.jpg,0.0014761320780962706,0,0,0,0
./images/train/IMG0000201.jpg,0.0014743388164788485,0,0,0,0
./images/train/IMG0000168.jpg,0.0014740355545654893,0,0,0,0
./images/train/IMG0002759.jpg,0.0014733255375176668,0,0,0,0
./images/train/IMG0003560.jpg,0.0014669011579826474,0,0,0,0
./images/train/IMG0000759.jpg,0.0014668822987005115,0,0,0,0
./images/train/IMG0001961.jpg,0.0014579861890524626,0,0,0,0
./images/train/IMG0003445.jpg,0.0014579577837139368,0,0,0,0
./images/train/IMG0000712.jpg,0.0014579513808712363,0,0,0,0
./images/train/IMG0000849.jpg,0.0014518739189952612,0,0,0,0
./images/train/IMG0000560.jpg,0.001438409904949367,0,0,0,0
./images/train/IMG0002781.jpg,0.0014335165033116937,0,0,0,0
./images/train/IMG0003319.jpg,0.0014313746942207217,0,0,0,0
./images/train/IMG0002911.jpg,0.0014299830654636025,0,0,0,0
./images/train/IMG0002005.jpg,0.0014279003953561187,0,0,0,0
./images/train/IMG0000175.jpg,0.0014269420644268394,0,0,0,0
./images/train/IMG0001461.jpg,0.0014257833827286959,0,0,0,0
./images/train/IMG0001910.jpg,0.0014251942047849298,0,0,0,0
./images/train/IMG0000062.jpg,0.0014199553988873959,0,0,0,0
./images/train/IMG0003534.jpg,0.0014088121242821217,0,0,0,0
./images/train/IMG0000287.jpg,0.0014064594870433211,0,0,0,0
./images/train/IMG0004244.jpg,0.0013925391249358654,0,0,0,0
./images/train/IMG0001173.jpg,0.001385830226354301,0,0,0,0
./images/train/IMG0002032.jpg,0.0013809418305754662,0,0,0,0
./images/train/IMG0001898.jpg,0.001375797321088612,0,0,0,0
./images/train/IMG0000721.jpg,0.0013691200874745846,0,0,0,0
./images/train/IMG0000646.jpg,0.0013682637363672256,0,0,0,0
./images/train/IMG0003138.jpg,0.0013666253071278334,0,0,0,0
./images/train/IMG0000830.jpg,0.0013663109857589006,0,0,0,0
./images/train/IMG0001104.jpg,0.0013647550949826837,0,0,0,0
./images/train/IMG0002723.jpg,0.001363546121865511,0,0,0,0
./images/train/IMG0003051.jpg,0.0013499632477760315,0,0,0,0
./images/train/IMG0000330.jpg,0.001346298842690885,0,0,0,0
./images/train/IMG0000795.jpg,0.0013405438512563705,0,0,0,0
./images/train/IMG0001513.jpg,0.0013392658438533545,0,0,0,0
./images/train/IMG0000973.jpg,0.0013292731018736959,0,0,0,0
./images/train/IMG0002961.jpg,0.0013260103296488523,0,0,0,0
./images/train/IMG0001161.jpg,0.0013203085400164127,0,0,0,0
./images/train/IMG0000969.jpg,0.001308951061218977,0,0,0,0
./images/train/IMG0000930.jpg,0.0012906122719869018,0,0,0,0
./images/train/IMG0002147.jpg,0.0012888899073004723,0,0,0,0
./images/train/IMG0003784.jpg,0.0012877279659733176,0,0,0,0
./images/train/IMG0002800.jpg,0.001286268001422286,0,0,0,0
./images/train/IMG0001862.jpg,0.001284871599636972,0,0,0,0
./images/train/IMG0000180.jpg,0.0012793196365237236,0,0,0,0
./images/train/IMG0000335.jpg,0.0012704803375527263,0,0,0,0
./images/train/IMG0002616.jpg,0.0012704767286777496,0,0,0,0
./images/train/IMG0001584.jpg,0.00126612966414541,0,0,0,0
./images/train/IMG0000130.jpg,0.0012638078769668937,0,0,0,0
./images/train/IMG0003440.jpg,0.0012621153146028519,0,0,0,0
./images/train/IMG0000356.jpg,0.0012583491625264287,0,0,0,0
./images/train/IMG0000134.jpg,0.001256422372534871,0,0,0,0
./images/train/IMG0002747.jpg,0.0012534215347841382,0,0,0,0
./images/train/IMG0001089.jpg,0.0012530103558674455,0,0,0,0
./images/train/IMG0002196.jpg,0.0012448623310774565,0,0,0,0
./images/train/IMG0003732.jpg,0.0012264882680028677,0,0,0,0
./images/train/IMG0001178.jpg,0.0012213768204674125,0,0,0,0
./images/train/IMG0001280.jpg,0.0012200663331896067,0,0,0,0
./images/train/IMG0003756.jpg,0.001219782861880958,0,0,0,0
./images/train/IMG0000683.jpg,0.001215455587953329,0,0,0,0
./images/train/IMG0003144.jpg,0.0012095470447093248,0,0,0,0
./images/train/IMG0001336.jpg,0.0011972762877121568,0,0,0,0
./images/train/IMG0001926.jpg,0.001187590998597443,0,0,0,0
./images/train/IMG0003018.jpg,0.0011874998454004526,0,0,0,0
./images/train/IMG0000267.jpg,0.0011844761902466416,0,0,0,0
./images/train/IMG0001979.jpg,0.0011842009844258428,0,0,0,0
./images/train/IMG0001370.jpg,0.0011645922204479575,0,0,0,0
./images/train/IMG0002177.jpg,0.0011522959684953094,0,0,0,0
./images/train/IMG0002914.jpg,0.001150605152361095,0,0,0,0
./images/train/IMG0002799.jpg,0.00114919594489038,0,0,0,0
./images/train/IMG0003665.jpg,0.0011471736943349242,0,0,0,0
./images/train/IMG0003346.jpg,0.0011383789824321866,0,0,0,0
./images/train/IMG0001379.jpg,0.0011375444009900093,0,0,0,0
./images/train/IMG0002670.jpg,0.0011370395077392459,0,0,0,0
./images/train/IMG0001225.jpg,0.0011358761694282293,0,0,0,0
./images/train/IMG0001281.jpg,0.0011277910089120269,0,0,0,0
./images/train/IMG0000304.jpg,0.0011207002680748701,0,0,0,0
./images/train/IMG0001921.jpg,0.001109717646613717,0,0,0,0
./images/train/IMG0000505.jpg,0.0011077763047069311,0,0,0,0
./images/train/IMG0002981.jpg,0.001107031013816595,0,0,0,0
./images/train/IMG0002916.jpg,0.00110362668056041,0,0,0,0
./images/train/IMG0000026.jpg,0.00109929742757231,0,0,0,0
./images/train/IMG0002150.jpg,0.0010983715765178204,0,0,0,0
./images/train/IMG0001387.jpg,0.0010964339599013329,0,0,0,0
./images/train/IMG0002890.jpg,0.0010743328602984548,0,0,0,0
./images/train/IMG0002188.jpg,0.0010700220009312034,0,0,0,0
./images/train/IMG0003511.jpg,0.0010660142870619893,0,0,0,0
./images/train/IMG0001831.jpg,0.0010597303044050932,0,0,0,0
./images/train/IMG0001914.jpg,0.0010592982871457934,0,0,0,0
./images/train/IMG0000216.jpg,0.0010564884869381785,0,0,0,0
./images/train/IMG0001631.jpg,0.001055940636433661,0,0,0,0
./images/train/IMG0000511.jpg,0.0010449591791257262,0,0,0,0
./images/train/IMG0001630.jpg,0.0010401301551610231,0,0,0,0
./images/train/IMG0001695.jpg,0.001039064023643732,0,0,0,0
./images/train/IMG0003127.jpg,0.0010318293934687972,0,0,0,0
./images/train/IMG0001844.jpg,0.0010264780139550567,0,0,0,0
./images/train/IMG0001756.jpg,0.0010187090374529362,0,0,0,0
./images/train/IMG0003103.jpg,0.0010072403820231557,0,0,0,0
./images/train/IMG0002789.jpg,0.001005750265903771,0,0,0,0
./images/train/IMG0000000.jpg,0.0,0,0,0,0
./images/train/IMG0000002.jpg,0.0,0,0,0,0
./images/train/IMG0000028.jpg,0.0,0,0,0,0
./images/train/IMG0000038.jpg,0.0,0,0,0,0
./images/train/IMG0000048.jpg,0.0,0,0,0,0
./images/train/IMG0000053.jpg,0.0,0,0,0,0
./images/train/IMG0000056.jpg,0.0,0,0,0,0
./images/train/IMG0000066.jpg,0.0,0,0,0,0
./images/train/IMG0000070.jpg,0.0,0,0,0,0
./images/train/IMG0000071.jpg,0.0,0,0,0,0
./images/train/IMG0000073.jpg,0.0,0,0,0,0
./images/train/IMG0000075.jpg,0.0,0,0,0,0
./images/train/IMG0000079.jpg,0.0,0,0,0,0
./images/train/IMG0000085.jpg,0.0,0,0,0,0
./images/train/IMG0000095.jpg,0.0,0,0,0,0
./images/train/IMG0000111.jpg,0.0,0,0,0,0
./images/train/IMG0000116.jpg,0.0,0,0,0,0
./images/train/IMG0000119.jpg,0.0,0,0,0,0
./images/train/IMG0000127.jpg,0.0,0,0,0,0
./images/train/IMG0000160.jpg,0.0,0,0,0,0
./images/train/IMG0000178.jpg,0.0,0,0,0,0
./images/train/IMG0000187.jpg,0.0,0,0,0,0
./images/train/IMG0000192.jpg,0.0,0,0,0,0
./images/train/IMG0000200.jpg,0.0,0,0,0,0
./images/train/IMG0000213.jpg,0.0,0,0,0,0
./images/train/IMG0000214.jpg,0.0,0,0,0,0
./images/train/IMG0000220.jpg,0.0,0,0,0,0
./images/train/IMG0000225.jpg,0.0,0,0,0,0
./images/train/IMG0000226.jpg,0.0,0,0,0,0
./images/train/IMG0000227.jpg,0.0,0,0,0,0
./images/train/IMG0000234.jpg,0.0,0,0,0,0
./images/train/IMG0000246.jpg,0.0,0,0,0,0
./images/train/IMG0000247.jpg,0.0,0,0,0,0
./images/train/IMG0000260.jpg,0.0,0,0,0,0
./images/train/IMG0000288.jpg,0.0,0,0,0,0
./images/train/IMG0000293.jpg,0.0,0,0,0,0
./images/train/IMG0000297.jpg,0.0,0,0,0,0
./images/train/IMG0000299.jpg,0.0,0,0,0,0
./images/train/IMG0000301.jpg,0.0,0,0,0,0
./images/train/IMG0000311.jpg,0.0,0,0,0,0
./images/train/IMG0000317.jpg,0.0,0,0,0,0
./images/train/IMG0000332.jpg,0.0,0,0,0,0
./images/train/IMG0000333.jpg,0.0,0,0,0,0
./images/train/IMG0000337.jpg,0.0,0,0,0,0
./images/train/IMG0000342.jpg,0.0,0,0,0,0
./images/train/IMG0000344.jpg,0.0,0,0,0,0
./images/train/IMG0000346.jpg,0.0,0,0,0,0
./images/train/IMG0000348.jpg,0.0,0,0,0,0
./images/train/IMG0000360.jpg,0.0,0,0,0,0
./images/train/IMG0000362.jpg,0.0,0,0,0,0
./images/train/IMG0000369.jpg,0.0,0,0,0,0
./images/train/IMG0000377.jpg,0.0,0,0,0,0
./images/train/IMG0000379.jpg,0.0,0,0,0,0
./images/train/IMG0000382.jpg,0.0,0,0,0,0
./images/train/IMG0000384.jpg,0.0,0,0,0,0
./images/train/IMG0000387.jpg,0.0,0,0,0,0
./images/train/IMG0000389.jpg,0.0,0,0,0,0
./images/train/IMG0000391.jpg,0.0,0,0,0,0
./images/train/IMG0000403.jpg,0.0,0,0,0,0
./images/train/IMG0000406.jpg,0.0,0,0,0,0
./images/train/IMG0000408.jpg,0.0,0,0,0,0
./images/train/IMG0000414.jpg,0.0,0,0,0,0
./images/train/IMG0000415.jpg,0.0,0,0,0,0
./images/train/IMG0000418.jpg,0.0,0,0,0,0
./images/train/IMG0000419.jpg,0.0,0,0,0,0
./images/train/IMG0000424.jpg,0.0,0,0,0,0
./images/train/IMG0000425.jpg,0.0,0,0,0,0
./images/train/IMG0000426.jpg,0.0,0,0,0,0
./images/train/IMG0000437.jpg,0.0,0,0,0,0
./images/train/IMG0000439.jpg,0.0,0,0,0,0
./images/train/IMG0000441.jpg,0.0,0,0,0,0
./images/train/IMG0000447.jpg,0.0,0,0,0,0
./images/train/IMG0000450.jpg,0.0,0,0,0,0
./images/train/IMG0000451.jpg,0.0,0,0,0,0
./images/train/IMG0000474.jpg,0.0,0,0,0,0
./images/train/IMG0000475.jpg,0.0,0,0,0,0
./images/train/IMG0000481.jpg,0.0,0,0,0,0
./images/train/IMG0000489.jpg,0.0,0,0,0,0
./images/train/IMG0000490.jpg,0.0,0,0,0,0
./images/train/IMG0000491.jpg,0.0,0,0,0,0
./images/train/IMG0000495.jpg,0.0,0,0,0,0
./images/train/IMG0000497.jpg,0.0,0,0,0,0
./images/train/IMG0000498.jpg,0.0,0,0,0,0
./images/train/IMG0000499.jpg,0.0,0,0,0,0
./images/train/IMG0000502.jpg,0.0,0,0,0,0
./images/train/IMG0000516.jpg,0.0,0,0,0,0
./images/train/IMG0000521.jpg,0.0,0,0,0,0
./images/train/IMG0000524.jpg,0.0,0,0,0,0
./images/train/IMG0000533.jpg,0.0,0,0,0,0
./images/train/IMG0000539.jpg,0.0,0,0,0,0
./images/train/IMG0000541.jpg,0.0,0,0,0,0
./images/train/IMG0000542.jpg,0.0,0,0,0,0
./images/train/IMG0000550.jpg,0.0,0,0,0,0
./images/train/IMG0000553.jpg,0.0,0,0,0,0
./images/train/IMG0000554.jpg,0.0,0,0,0,0
./images/train/IMG0000565.jpg,0.0,0,0,0,0
./images/train/IMG0000568.jpg,0.0,0,0,0,0
./images/train/IMG0000569.jpg,0.0,0,0,0,0
./images/train/IMG0000573.jpg,0.0,0,0,0,0
./images/train/IMG0000583.jpg,0.0,0,0,0,0
./images/train/IMG0000585.jpg,0.0,0,0,0,0
./images/train/IMG0000591.jpg,0.0,0,0,0,0
./images/train/IMG0000593.jpg,0.0,0,0,0,0
./images/train/IMG0000606.jpg,0.0,0,0,0,0
./images/train/IMG0000607.jpg,0.0,0,0,0,0
./images/train/IMG0000615.jpg,0.0,0,0,0,0
./images/train/IMG0000618.jpg,0.0,0,0,0,0
./images/train/IMG0000623.jpg,0.0,0,0,0,0
./images/train/IMG0000625.jpg,0.0,0,0,0,0
./images/train/IMG0000628.jpg,0.0,0,0,0,0
./images/train/IMG0000629.jpg,0.0,0,0,0,0
./images/train/IMG0000631.jpg,0.0,0,0,0,0
./images/train/IMG0000647.jpg,0.0,0,0,0,0
./images/train/IMG0000649.jpg,0.0,0,0,0,0
./images/train/IMG0000651.jpg,0.0,0,0,0,0
./images/train/IMG0000652.jpg,0.0,0,0,0,0
./images/train/IMG0000664.jpg,0.0,0,0,0,0
./images/train/IMG0000665.jpg,0.0,0,0,0,0
./images/train/IMG0000666.jpg,0.0,0,0,0,0
./images/train/IMG0000674.jpg,0.0,0,0,0,0
./images/train/IMG0000678.jpg,0.0,0,0,0,0
./images/train/IMG0000679.jpg,0.0,0,0,0,0
./images/train/IMG0000684.jpg,0.0,0,0,0,0
./images/train/IMG0000686.jpg,0.0,0,0,0,0
./images/train/IMG0000695.jpg,0.0,0,0,0,0
./images/train/IMG0000699.jpg,0.0,0,0,0,0
./images/train/IMG0000703.jpg,0.0,0,0,0,0
./images/train/IMG0000705.jpg,0.0,0,0,0,0
./images/train/IMG0000706.jpg,0.0,0,0,0,0
./images/train/IMG0000708.jpg,0.0,0,0,0,0
./images/train/IMG0000713.jpg,0.0,0,0,0,0
./images/train/IMG0000714.jpg,0.0,0,0,0,0
./images/train/IMG0000715.jpg,0.0,0,0,0,0
./images/train/IMG0000720.jpg,0.0,0,0,0,0
./images/train/IMG0000722.jpg,0.0,0,0,0,0
./images/train/IMG0000723.jpg,0.0,0,0,0,0
./images/train/IMG0000734.jpg,0.0,0,0,0,0
./images/train/IMG0000735.jpg,0.0,0,0,0,0
./images/train/IMG0000742.jpg,0.0,0,0,0,0
./images/train/IMG0000744.jpg,0.0,0,0,0,0
./images/train/IMG0000745.jpg,0.0,0,0,0,0
./images/train/IMG0000746.jpg,0.0,0,0,0,0
./images/train/IMG0000748.jpg,0.0,0,0,0,0
./images/train/IMG0000765.jpg,0.0,0,0,0,0
./images/train/IMG0000774.jpg,0.0,0,0,0,0
./images/train/IMG0000775.jpg,0.0,0,0,0,0
./images/train/IMG0000779.jpg,0.0,0,0,0,0
./images/train/IMG0000788.jpg,0.0,0,0,0,0
./images/train/IMG0000798.jpg,0.0,0,0,0,0
./images/train/IMG0000811.jpg,0.0,0,0,0,0
./images/train/IMG0000821.jpg,0.0,0,0,0,0
./images/train/IMG0000831.jpg,0.0,0,0,0,0
./images/train/IMG0000835.jpg,0.0,0,0,0,0
./images/train/IMG0000842.jpg,0.0,0,0,0,0
./images/train/IMG0000855.jpg,0.0,0,0,0,0
./images/train/IMG0000865.jpg,0.0,0,0,0,0
./images/train/IMG0000871.jpg,0.0,0,0,0,0
./images/train/IMG0000872.jpg,0.0,0,0,0,0
./images/train/IMG0000877.jpg,0.0,0,0,0,0
./images/train/IMG0000899.jpg,0.0,0,0,0,0
./images/train/IMG0000908.jpg,0.0,0,0,0,0
./images/train/IMG0000916.jpg,0.0,0,0,0,0
./images/train/IMG0000918.jpg,0.0,0,0,0,0
./images/train/IMG0000920.jpg,0.0,0,0,0,0
./images/train/IMG0000921.jpg,0.0,0,0,0,0
./images/train/IMG0000923.jpg,0.0,0,0,0,0
./images/train/IMG0000941.jpg,0.0,0,0,0,0
./images/train/IMG0000942.jpg,0.0,0,0,0,0
./images/train/IMG0000943.jpg,0.0,0,0,0,0
./images/train/IMG0000946.jpg,0.0,0,0,0,0
./images/train/IMG0000964.jpg,0.0,0,0,0,0
./images/train/IMG0000965.jpg,0.0,0,0,0,0
./images/train/IMG0000967.jpg,0.0,0,0,0,0
./images/train/IMG0000974.jpg,0.0,0,0,0,0
./images/train/IMG0000978.jpg,0.0,0,0,0,0
./images/train/IMG0000983.jpg,0.0,0,0,0,0
./images/train/IMG0000992.jpg,0.0,0,0,0,0
./images/train/IMG0000995.jpg,0.0,0,0,0,0
./images/train/IMG0000997.jpg,0.0,0,0,0,0
./images/train/IMG0000999.jpg,0.0,0,0,0,0
./images/train/IMG0001000.jpg,0.0,0,0,0,0
./images/train/IMG0001001.jpg,0.0,0,0,0,0
./images/train/IMG0001003.jpg,0.0,0,0,0,0
./images/train/IMG0001005.jpg,0.0,0,0,0,0
./images/train/IMG0001009.jpg,0.0,0,0,0,0
./images/train/IMG0001011.jpg,0.0,0,0,0,0
./images/train/IMG0001012.jpg,0.0,0,0,0,0
./images/train/IMG0001013.jpg,0.0,0,0,0,0
./images/train/IMG0001016.jpg,0.0,0,0,0,0
./images/train/IMG0001019.jpg,0.0,0,0,0,0
./images/train/IMG0001020.jpg,0.0,0,0,0,0
./images/train/IMG0001022.jpg,0.0,0,0,0,0
./images/train/IMG0001024.jpg,0.0,0,0,0,0
./images/train/IMG0001028.jpg,0.0,0,0,0,0
./images/train/IMG0001032.jpg,0.0,0,0,0,0
./images/train/IMG0001037.jpg,0.0,0,0,0,0
./images/train/IMG0001038.jpg,0.0,0,0,0,0
./images/train/IMG0001043.jpg,0.0,0,0,0,0
./images/train/IMG0001044.jpg,0.0,0,0,0,0
./images/train/IMG0001068.jpg,0.0,0,0,0,0
./images/train/IMG0001072.jpg,0.0,0,0,0,0
./images/train/IMG0001074.jpg,0.0,0,0,0,0
./images/train/IMG0001077.jpg,0.0,0,0,0,0
./images/train/IMG0001086.jpg,0.0,0,0,0,0
./images/train/IMG0001091.jpg,0.0,0,0,0,0
./images/train/IMG0001095.jpg,0.0,0,0,0,0
./images/train/IMG0001099.jpg,0.0,0,0,0,0
./images/train/IMG0001101.jpg,0.0,0,0,0,0
./images/train/IMG0001106.jpg,0.0,0,0,0,0
./images/train/IMG0001108.jpg,0.0,0,0,0,0
./images/train/IMG0001111.jpg,0.0,0,0,0,0
./images/train/IMG0001115.jpg,0.0,0,0,0,0
./images/train/IMG0001116.jpg,0.0,0,0,0,0
./images/train/IMG0001121.jpg,0.0,0,0,0,0
./images/train/IMG0001126.jpg,0.0,0,0,0,0
./images/train/IMG0001133.jpg,0.0,0,0,0,0
./images/train/IMG0001134.jpg,0.0,0,0,0,0
./images/train/IMG0001143.jpg,0.0,0,0,0,0
./images/train/IMG0001144.jpg,0.0,0,0,0,0
./images/train/IMG0001145.jpg,0.0,0,0,0,0
./images/train/IMG0001146.jpg,0.0,0,0,0,0
./images/train/IMG0001158.jpg,0.0,0,0,0,0
./images/train/IMG0001160.jpg,0.0,0,0,0,0
./images/train/IMG0001165.jpg,0.0,0,0,0,0
./images/train/IMG0001167.jpg,0.0,0,0,0,0
./images/train/IMG0001176.jpg,0.0,0,0,0,0
./images/train/IMG0001177.jpg,0.0,0,0,0,0
./images/train/IMG0001181.jpg,0.0,0,0,0,0
./images/train/IMG0001182.jpg,0.0,0,0,0,0
./images/train/IMG0001188.jpg,0.0,0,0,0,0
./images/train/IMG0001195.jpg,0.0,0,0,0,0
./images/train/IMG0001201.jpg,0.0,0,0,0,0
./images/train/IMG0001202.jpg,0.0,0,0,0,0
./images/train/IMG0001203.jpg,0.0,0,0,0,0
./images/train/IMG0001204.jpg,0.0,0,0,0,0
./images/train/IMG0001219.jpg,0.0,0,0,0,0
./images/train/IMG0001220.jpg,0.0,0,0,0,0
./images/train/IMG0001221.jpg,0.0,0,0,0,0
./images/train/IMG0001222.jpg,0.0,0,0,0,0
./images/train/IMG0001224.jpg,0.0,0,0,0,0
./images/train/IMG0001230.jpg,0.0,0,0,0,0
./images/train/IMG0001240.jpg,0.0,0,0,0,0
./images/train/IMG0001242.jpg,0.0,0,0,0,0
./images/train/IMG0001247.jpg,0.0,0,0,0,0
./images/train/IMG0001250.jpg,0.0,0,0,0,0
./images/train/IMG0001251.jpg,0.0,0,0,0,0
./images/train/IMG0001255.jpg,0.0,0,0,0,0
./images/train/IMG0001256.jpg,0.0,0,0,0,0
./images/train/IMG0001260.jpg,0.0,0,0,0,0
./images/train/IMG0001268.jpg,0.0,0,0,0,0
./images/train/IMG0001283.jpg,0.0,0,0,0,0
./images/train/IMG0001288.jpg,0.0,0,0,0,0
./images/train/IMG0001289.jpg,0.0,0,0,0,0
./images/train/IMG0001290.jpg,0.0,0,0,0,0
./images/train/IMG0001299.jpg,0.0,0,0,0,0
./images/train/IMG0001303.jpg,0.0,0,0,0,0
./images/train/IMG0001304.jpg,0.0,0,0,0,0
./images/train/IMG0001310.jpg,0.0,0,0,0,0
./images/train/IMG0001312.jpg,0.0,0,0,0,0
./images/train/IMG0001314.jpg,0.0,0,0,0,0
./images/train/IMG0001321.jpg,0.0,0,0,0,0
./images/train/IMG0001330.jpg,0.0,0,0,0,0
./images/train/IMG0001334.jpg,0.0,0,0,0,0
./images/train/IMG0001337.jpg,0.0,0,0,0,0
./images/train/IMG0001340.jpg,0.0,0,0,0,0
./images/train/IMG0001341.jpg,0.0,0,0,0,0
./images/train/IMG0001355.jpg,0.0,0,0,0,0
./images/train/IMG0001372.jpg,0.0,0,0,0,0
./images/train/IMG0001398.jpg,0.0,0,0,0,0
./images/train/IMG0001401.jpg,0.0,0,0,0,0
./images/train/IMG0001403.jpg,0.0,0,0,0,0
./images/train/IMG0001404.jpg,0.0,0,0,0,0
./images/train/IMG0001405.jpg,0.0,0,0,0,0
./images/train/IMG0001406.jpg,0.0,0,0,0,0
./images/train/IMG0001408.jpg,0.0,0,0,0,0
./images/train/IMG0001409.jpg,0.0,0,0,0,0
./images/train/IMG0001424.jpg,0.0,0,0,0,0
./images/train/IMG0001426.jpg,0.0,0,0,0,0
./images/train/IMG0001430.jpg,0.0,0,0,0,0
./images/train/IMG0001432.jpg,0.0,0,0,0,0
./images/train/IMG0001439.jpg,0.0,0,0,0,0
./images/train/IMG0001443.jpg,0.0,0,0,0,0
./images/train/IMG0001445.jpg,0.0,0,0,0,0
./images/train/IMG0001446.jpg,0.0,0,0,0,0
./images/train/IMG0001447.jpg,0.0,0,0,0,0
./images/train/IMG0001452.jpg,0.0,0,0,0,0
./images/train/IMG0001459.jpg,0.0,0,0,0,0
./images/train/IMG0001465.jpg,0.0,0,0,0,0
./images/train/IMG0001466.jpg,0.0,0,0,0,0
./images/train/IMG0001470.jpg,0.0,0,0,0,0
./images/train/IMG0001477.jpg,0.0,0,0,0,0
./images/train/IMG0001479.jpg,0.0,0,0,0,0
./images/train/IMG0001480.jpg,0.0,0,0,0,0
./images/train/IMG0001481.jpg,0.0,0,0,0,0
./images/train/IMG0001484.jpg,0.0,0,0,0,0
./images/train/IMG0001487.jpg,0.0,0,0,0,0
./images/train/IMG0001490.jpg,0.0,0,0,0,0
./images/train/IMG0001509.jpg,0.0,0,0,0,0
./images/train/IMG0001510.jpg,0.0,0,0,0,0
./images/train/IMG0001511.jpg,0.0,0,0,0,0
./images/train/IMG0001520.jpg,0.0,0,0,0,0
./images/train/IMG0001524.jpg,0.0,0,0,0,0
./images/train/IMG0001525.jpg,0.0,0,0,0,0
./images/train/IMG0001526.jpg,0.0,0,0,0,0
./images/train/IMG0001532.jpg,0.0,0,0,0,0
./images/train/IMG0001534.jpg,0.0,0,0,0,0
./images/train/IMG0001535.jpg,0.0,0,0,0,0
./images/train/IMG0001547.jpg,0.0,0,0,0,0
./images/train/IMG0001549.jpg,0.0,0,0,0,0
./images/train/IMG0001552.jpg,0.0,0,0,0,0
./images/train/IMG0001555.jpg,0.0,0,0,0,0
./images/train/IMG0001561.jpg,0.0,0,0,0,0
./images/train/IMG0001564.jpg,0.0,0,0,0,0
./images/train/IMG0001581.jpg,0.0,0,0,0,0
./images/train/IMG0001593.jpg,0.0,0,0,0,0
./images/train/IMG0001597.jpg,0.0,0,0,0,0
./images/train/IMG0001600.jpg,0.0,0,0,0,0
./images/train/IMG0001605.jpg,0.0,0,0,0,0
./images/train/IMG0001618.jpg,0.0,0,0,0,0
./images/train/IMG0001619.jpg,0.0,0,0,0,0
./images/train/IMG0001624.jpg,0.0,0,0,0,0
./images/train/IMG0001629.jpg,0.0,0,0,0,0
./images/train/IMG0001644.jpg,0.0,0,0,0,0
./images/train/IMG0001648.jpg,0.0,0,0,0,0
./images/train/IMG0001651.jpg,0.0,0,0,0,0
./images/train/IMG0001659.jpg,0.0,0,0,0,0
./images/train/IMG0001664.jpg,0.0,0,0,0,0
./images/train/IMG0001674.jpg,0.0,0,0,0,0
./images/train/IMG0001676.jpg,0.0,0,0,0,0
./images/train/IMG0001678.jpg,0.0,0,0,0,0
./images/train/IMG0001679.jpg,0.0,0,0,0,0
./images/train/IMG0001686.jpg,0.0,0,0,0,0
./images/train/IMG0001697.jpg,0.0,0,0,0,0
./images/train/IMG0001703.jpg,0.0,0,0,0,0
./images/train/IMG0001704.jpg,0.0,0,0,0,0
./images/train/IMG0001706.jpg,0.0,0,0,0,0
./images/train/IMG0001707.jpg,0.0,0,0,0,0
./images/train/IMG0001727.jpg,0.0,0,0,0,0
./images/train/IMG0001735.jpg,0.0,0,0,0,0
./images/train/IMG0001736.jpg,0.0,0,0,0,0
./images/train/IMG0001746.jpg,0.0,0,0,0,0
./images/train/IMG0001753.jpg,0.0,0,0,0,0
./images/train/IMG0001795.jpg,0.0,0,0,0,0
./images/train/IMG0001798.jpg,0.0,0,0,0,0
./images/train/IMG0001810.jpg,0.0,0,0,0,0
./images/train/IMG0001812.jpg,0.0,0,0,0,0
./images/train/IMG0001821.jpg,0.0,0,0,0,0
./images/train/IMG0001825.jpg,0.0,0,0,0,0
./images/train/IMG0001827.jpg,0.0,0,0,0,0
./images/train/IMG0001834.jpg,0.0,0,0,0,0
./images/train/IMG0001836.jpg,0.0,0,0,0,0
./images/train/IMG0001842.jpg,0.0,0,0,0,0
./images/train/IMG0001846.jpg,0.0,0,0,0,0
./images/train/IMG0001847.jpg,0.0,0,0,0,0
./images/train/IMG0001848.jpg,0.0,0,0,0,0
./images/train/IMG0001851.jpg,0.0,0,0,0,0
./images/train/IMG0001852.jpg,0.0,0,0,0,0
./images/train/IMG0001854.jpg,0.0,0,0,0,0
./images/train/IMG0001855.jpg,0.0,0,0,0,0
./images/train/IMG0001861.jpg,0.0,0,0,0,0
./images/train/IMG0001878.jpg,0.0,0,0,0,0
./images/train/IMG0001887.jpg,0.0,0,0,0,0
./images/train/IMG0001888.jpg,0.0,0,0,0,0
./images/train/IMG0001890.jpg,0.0,0,0,0,0
./images/train/IMG0001892.jpg,0.0,0,0,0,0
./images/train/IMG0001893.jpg,0.0,0,0,0,0
./images/train/IMG0001899.jpg,0.0,0,0,0,0
./images/train/IMG0001901.jpg,0.0,0,0,0,0
./images/train/IMG0001902.jpg,0.0,0,0,0,0
./images/train/IMG0001904.jpg,0.0,0,0,0,0
./images/train/IMG0001909.jpg,0.0,0,0,0,0
./images/train/IMG0001915.jpg,0.0,0,0,0,0
./images/train/IMG0001918.jpg,0.0,0,0,0,0
./images/train/IMG0001927.jpg,0.0,0,0,0,0
./images/train/IMG0001941.jpg,0.0,0,0,0,0
./images/train/IMG0001943.jpg,0.0,0,0,0,0
./images/train/IMG0001951.jpg,0.0,0,0,0,0
./images/train/IMG0001952.jpg,0.0,0,0,0,0
./images/train/IMG0001957.jpg,0.0,0,0,0,0
./images/train/IMG0001973.jpg,0.0,0,0,0,0
./images/train/IMG0001988.jpg,0.0,0,0,0,0
./images/train/IMG0001990.jpg,0.0,0,0,0,0
./images/train/IMG0001999.jpg,0.0,0,0,0,0
./images/train/IMG0002000.jpg,0.0,0,0,0,0
./images/train/IMG0002011.jpg,0.0,0,0,0,0
./images/train/IMG0002016.jpg,0.0,0,0,0,0
./images/train/IMG0002017.jpg,0.0,0,0,0,0
./images/train/IMG0002039.jpg,0.0,0,0,0,0
./images/train/IMG0002044.jpg,0.0,0,0,0,0
./images/train/IMG0002045.jpg,0.0,0,0,0,0
./images/train/IMG0002049.jpg,0.0,0,0,0,0
./images/train/IMG0002051.jpg,0.0,0,0,0,0
./images/train/IMG0002062.jpg,0.0,0,0,0,0
./images/train/IMG0002066.jpg,0.0,0,0,0,0
./images/train/IMG0002079.jpg,0.0,0,0,0,0
./images/train/IMG0002091.jpg,0.0,0,0,0,0
./images/train/IMG0002095.jpg,0.0,0,0,0,0
./images/train/IMG0002099.jpg,0.0,0,0,0,0
./images/train/IMG0002101.jpg,0.0,0,0,0,0
./images/train/IMG0002110.jpg,0.0,0,0,0,0
./images/train/IMG0002119.jpg,0.0,0,0,0,0
./images/train/IMG0002129.jpg,0.0,0,0,0,0
./images/train/IMG0002130.jpg,0.0,0,0,0,0
./images/train/IMG0002136.jpg,0.0,0,0,0,0
./images/train/IMG0002146.jpg,0.0,0,0,0,0
./images/train/IMG0002151.jpg,0.0,0,0,0,0
./images/train/IMG0002153.jpg,0.0,0,0,0,0
./images/train/IMG0002154.jpg,0.0,0,0,0,0
./images/train/IMG0002167.jpg,0.0,0,0,0,0
./images/train/IMG0002187.jpg,0.0,0,0,0,0
./images/train/IMG0002203.jpg,0.0,0,0,0,0
./images/train/IMG0002211.jpg,0.0,0,0,0,0
./images/train/IMG0002221.jpg,0.0,0,0,0,0
./images/train/IMG0002226.jpg,0.0,0,0,0,0
./images/train/IMG0002227.jpg,0.0,0,0,0,0
./images/train/IMG0002232.jpg,0.0,0,0,0,0
./images/train/IMG0002235.jpg,0.0,0,0,0,0
./images/train/IMG0002239.jpg,0.0,0,0,0,0
./images/train/IMG0002248.jpg,0.0,0,0,0,0
./images/train/IMG0002256.jpg,0.0,0,0,0,0
./images/train/IMG0002257.jpg,0.0,0,0,0,0
./images/train/IMG0002278.jpg,0.0,0,0,0,0
./images/train/IMG0002625.jpg,0.0,0,0,0,0
./images/train/IMG0002655.jpg,0.0,0,0,0,0
./images/train/IMG0002679.jpg,0.0,0,0,0,0
./images/train/IMG0002688.jpg,0.0,0,0,0,0
./images/train/IMG0002696.jpg,0.0,0,0,0,0
./images/train/IMG0002703.jpg,0.0,0,0,0,0
./images/train/IMG0002709.jpg,0.0,0,0,0,0
./images/train/IMG0002713.jpg,0.0,0,0,0,0
./images/train/IMG0002721.jpg,0.0,0,0,0,0
./images/train/IMG0002727.jpg,0.0,0,0,0,0
./images/train/IMG0002728.jpg,0.0,0,0,0,0
./images/train/IMG0002734.jpg,0.0,0,0,0,0
./images/train/IMG0002748.jpg,0.0,0,0,0,0
./images/train/IMG0002758.jpg,0.0,0,0,0,0
./images/train/IMG0002769.jpg,0.0,0,0,0,0
./images/train/IMG0002773.jpg,0.0,0,0,0,0
./images/train/IMG0002775.jpg,0.0,0,0,0,0
./images/train/IMG0002776.jpg,0.0,0,0,0,0
./images/train/IMG0002779.jpg,0.0,0,0,0,0
./images/train/IMG0002780.jpg,0.0,0,0,0,0
./images/train/IMG0002782.jpg,0.0,0,0,0,0
./images/train/IMG0002784.jpg,0.0,0,0,0,0
./images/train/IMG0002785.jpg,0.0,0,0,0,0
./images/train/IMG0002787.jpg,0.0,0,0,0,0
./images/train/IMG0002793.jpg,0.0,0,0,0,0
./images/train/IMG0002794.jpg,0.0,0,0,0,0
./images/train/IMG0002812.jpg,0.0,0,0,0,0
./images/train/IMG0002815.jpg,0.0,0,0,0,0
./images/train/IMG0002818.jpg,0.0,0,0,0,0
./images/train/IMG0002820.jpg,0.0,0,0,0,0
./images/train/IMG0002821.jpg,0.0,0,0,0,0
./images/train/IMG0002829.jpg,0.0,0,0,0,0
./images/train/IMG0002830.jpg,0.0,0,0,0,0
./images/train/IMG0002837.jpg,0.0,0,0,0,0
./images/train/IMG0002838.jpg,0.0,0,0,0,0
./images/train/IMG0002842.jpg,0.0,0,0,0,0
./images/train/IMG0002845.jpg,0.0,0,0,0,0
./images/train/IMG0002853.jpg,0.0,0,0,0,0
./images/train/IMG0002858.jpg,0.0,0,0,0,0
./images/train/IMG0002860.jpg,0.0,0,0,0,0
./images/train/IMG0002863.jpg,0.0,0,0,0,0
./images/train/IMG0002864.jpg,0.0,0,0,0,0
./images/train/IMG0002866.jpg,0.0,0,0,0,0
./images/train/IMG0002870.jpg,0.0,0,0,0,0
./images/train/IMG0002880.jpg,0.0,0,0,0,0
./images/train/IMG0002881.jpg,0.0,0,0,0,0
./images/train/IMG0002891.jpg,0.0,0,0,0,0
./images/train/IMG0002896.jpg,0.0,0,0,0,0
./images/train/IMG0002901.jpg,0.0,0,0,0,0
./images/train/IMG0002902.jpg,0.0,0,0,0,0
./images/train/IMG0002917.jpg,0.0,0,0,0,0
./images/train/IMG0002925.jpg,0.0,0,0,0,0
./images/train/IMG0002932.jpg,0.0,0,0,0,0
./images/train/IMG0002943.jpg,0.0,0,0,0,0
./images/train/IMG0002962.jpg,0.0,0,0,0,0
./images/train/IMG0002963.jpg,0.0,0,0,0,0
./images/train/IMG0002969.jpg,0.0,0,0,0,0
./images/train/IMG0002976.jpg,0.0,0,0,0,0
./images/train/IMG0002988.jpg,0.0,0,0,0,0
./images/train/IMG0002992.jpg,0.0,0,0,0,0
./images/train/IMG0002997.jpg,0.0,0,0,0,0
./images/train/IMG0003002.jpg,0.0,0,0,0,0
./images/train/IMG0003013.jpg,0.0,0,0,0,0
./images/train/IMG0003033.jpg,0.0,0,0,0,0
./images/train/IMG0003037.jpg,0.0,0,0,0,0
./images/train/IMG0003044.jpg,0.0,0,0,0,0
./images/train/IMG0003050.jpg,0.0,0,0,0,0
./images/train/IMG0003056.jpg,0.0,0,0,0,0
./images/train/IMG0003058.jpg,0.0,0,0,0,0
./images/train/IMG0003068.jpg,0.0,0,0,0,0
./images/train/IMG0003074.jpg,0.0,0,0,0,0
./images/train/IMG0003085.jpg,0.0,0,0,0,0
./images/train/IMG0003086.jpg,0.0,0,0,0,0
./images/train/IMG0003088.jpg,0.0,0,0,0,0
./images/train/IMG0003091.jpg,0.0,0,0,0,0
./images/train/IMG0003097.jpg,0.0,0,0,0,0
./images/train/IMG0003100.jpg,0.0,0,0,0,0
./images/train/IMG0003104.jpg,0.0,0,0,0,0
./images/train/IMG0003107.jpg,0.0,0,0,0,0
./images/train/IMG0003115.jpg,0.0,0,0,0,0
./images/train/IMG0003118.jpg,0.0,0,0,0,0
./images/train/IMG0003123.jpg,0.0,0,0,0,0
./images/train/IMG0003128.jpg,0.0,0,0,0,0
./images/train/IMG0003135.jpg,0.0,0,0,0,0
./images/train/IMG0003139.jpg,0.0,0,0,0,0
./images/train/IMG0003140.jpg,0.0,0,0,0,0
./images/train/IMG0003151.jpg,0.0,0,0,0,0
./images/train/IMG0003160.jpg,0.0,0,0,0,0
./images/train/IMG0003169.jpg,0.0,0,0,0,0
./images/train/IMG0003174.jpg,0.0,0,0,0,0
./images/train/IMG0003186.jpg,0.0,0,0,0,0
./images/train/IMG0003191.jpg,0.0,0,0,0,0
./images/train/IMG0003198.jpg,0.0,0,0,0,0
./images/train/IMG0003206.jpg,0.0,0,0,0,0
./images/train/IMG0003210.jpg,0.0,0,0,0,0
./images/train/IMG0003212.jpg,0.0,0,0,0,0
./images/train/IMG0003224.jpg,0.0,0,0,0,0
./images/train/IMG0003227.jpg,0.0,0,0,0,0
./images/train/IMG0003229.jpg,0.0,0,0,0,0
./images/train/IMG0003235.jpg,0.0,0,0,0,0
./images/train/IMG0003237.jpg,0.0,0,0,0,0
./images/train/IMG0003239.jpg,0.0,0,0,0,0
./images/train/IMG0003240.jpg,0.0,0,0,0,0
./images/train/IMG0003242.jpg,0.0,0,0,0,0
./images/train/IMG0003243.jpg,0.0,0,0,0,0
./images/train/IMG0003245.jpg,0.0,0,0,0,0
./images/train/IMG0003257.jpg,0.0,0,0,0,0
./images/train/IMG0003270.jpg,0.0,0,0,0,0
./images/train/IMG0003271.jpg,0.0,0,0,0,0
./images/train/IMG0003282.jpg,0.0,0,0,0,0
./images/train/IMG0003290.jpg,0.0,0,0,0,0
./images/train/IMG0003295.jpg,0.0,0,0,0,0
./images/train/IMG0003306.jpg,0.0,0,0,0,0
./images/train/IMG0003314.jpg,0.0,0,0,0,0
./images/train/IMG0003322.jpg,0.0,0,0,0,0
./images/train/IMG0003323.jpg,0.0,0,0,0,0
./images/train/IMG0003334.jpg,0.0,0,0,0,0
./images/train/IMG0003337.jpg,0.0,0,0,0,0
./images/train/IMG0003343.jpg,0.0,0,0,0,0
./images/train/IMG0003344.jpg,0.0,0,0,0,0
./images/train/IMG0003347.jpg,0.0,0,0,0,0
./images/train/IMG0003358.jpg,0.0,0,0,0,0
./images/train/IMG0003360.jpg,0.0,0,0,0,0
./images/train/IMG0003366.jpg,0.0,0,0,0,0
./images/train/IMG0003367.jpg,0.0,0,0,0,0
./images/train/IMG0003369.jpg,0.0,0,0,0,0
./images/train/IMG0003370.jpg,0.0,0,0,0,0
./images/train/IMG0003371.jpg,0.0,0,0,0,0
./images/train/IMG0003372.jpg,0.0,0,0,0,0
./images/train/IMG0003377.jpg,0.0,0,0,0,0
./images/train/IMG0003389.jpg,0.0,0,0,0,0
./images/train/IMG0003390.jpg,0.0,0,0,0,0
./images/train/IMG0003403.jpg,0.0,0,0,0,0
./images/train/IMG0003404.jpg,0.0,0,0,0,0
./images/train/IMG0003406.jpg,0.0,0,0,0,0
./images/train/IMG0003418.jpg,0.0,0,0,0,0
./images/train/IMG0003426.jpg,0.0,0,0,0,0
./images/train/IMG0003427.jpg,0.0,0,0,0,0
./images/train/IMG0003438.jpg,0.0,0,0,0,0
./images/train/IMG0003441.jpg,0.0,0,0,0,0
./images/train/IMG0003447.jpg,0.0,0,0,0,0
./images/train/IMG0003451.jpg,0.0,0,0,0,0
./images/train/IMG0003453.jpg,0.0,0,0,0,0
./images/train/IMG0003457.jpg,0.0,0,0,0,0
./images/train/IMG0003463.jpg,0.0,0,0,0,0
./images/train/IMG0003469.jpg,0.0,0,0,0,0
./images/train/IMG0003472.jpg,0.0,0,0,0,0
./images/train/IMG0003482.jpg,0.0,0,0,0,0
./images/train/IMG0003485.jpg,0.0,0,0,0,0
./images/train/IMG0003489.jpg,0.0,0,0,0,0
./images/train/IMG0003498.jpg,0.0,0,0,0,0
./images/train/IMG0003502.jpg,0.0,0,0,0,0
./images/train/IMG0003504.jpg,0.0,0,0,0,0
./images/train/IMG0003517.jpg,0.0,0,0,0,0
./images/train/IMG0003521.jpg,0.0,0,0,0,0
./images/train/IMG0003522.jpg,0.0,0,0,0,0
./images/train/IMG0003533.jpg,0.0,0,0,0,0
./images/train/IMG0003536.jpg,0.0,0,0,0,0
./images/train/IMG0003539.jpg,0.0,0,0,0,0
./images/train/IMG0003540.jpg,0.0,0,0,0,0
./images/train/IMG0003544.jpg,0.0,0,0,0,0
./images/train/IMG0003546.jpg,0.0,0,0,0,0
./images/train/IMG0003549.jpg,0.0,0,0,0,0
./images/train/IMG0003551.jpg,0.0,0,0,0,0
./images/train/IMG0003557.jpg,0.0,0,0,0,0
./images/train/IMG0003559.jpg,0.0,0,0,0,0
./images/train/IMG0003562.jpg,0.0,0,0,0,0
./images/train/IMG0003582.jpg,0.0,0,0,0,0
./images/train/IMG0003583.jpg,0.0,0,0,0,0
./images/train/IMG0003606.jpg,0.0,0,0,0,0
./images/train/IMG0003607.jpg,0.0,0,0,0,0
./images/train/IMG0003612.jpg,0.0,0,0,0,0
./images/train/IMG0003618.jpg,0.0,0,0,0,0
./images/train/IMG0003627.jpg,0.0,0,0,0,0
./images/train/IMG0003629.jpg,0.0,0,0,0,0
./images/train/IMG0003633.jpg,0.0,0,0,0,0
./images/train/IMG0003634.jpg,0.0,0,0,0,0
./images/train/IMG0003639.jpg,0.0,0,0,0,0
./images/train/IMG0003640.jpg,0.0,0,0,0,0
./images/train/IMG0003644.jpg,0.0,0,0,0,0
./images/train/IMG0003650.jpg,0.0,0,0,0,0
./images/train/IMG0003659.jpg,0.0,0,0,0,0
./images/train/IMG0003669.jpg,0.0,0,0,0,0
./images/train/IMG0003673.jpg,0.0,0,0,0,0
./images/train/IMG0003674.jpg,0.0,0,0,0,0
./images/train/IMG0003680.jpg,0.0,0,0,0,0
./images/train/IMG0003684.jpg,0.0,0,0,0,0
./images/train/IMG0003687.jpg,0.0,0,0,0,0
./images/train/IMG0003691.jpg,0.0,0,0,0,0
./images/train/IMG0003694.jpg,0.0,0,0,0,0
./images/train/IMG0003696.jpg,0.0,0,0,0,0
./images/train/IMG0003699.jpg,0.0,0,0,0,0
./images/train/IMG0003701.jpg,0.0,0,0,0,0
./images/train/IMG0003702.jpg,0.0,0,0,0,0
./images/train/IMG0003708.jpg,0.0,0,0,0,0
./images/train/IMG0003711.jpg,0.0,0,0,0,0
./images/train/IMG0003715.jpg,0.0,0,0,0,0
./images/train/IMG0003722.jpg,0.0,0,0,0,0
./images/train/IMG0003745.jpg,0.0,0,0,0,0
./images/train/IMG0003747.jpg,0.0,0,0,0,0
./images/train/IMG0003752.jpg,0.0,0,0,0,0
./images/train/IMG0003764.jpg,0.0,0,0,0,0
./images/train/IMG0003768.jpg,0.0,0,0,0,0
./images/train/IMG0003772.jpg,0.0,0,0,0,0
./images/train/IMG0003775.jpg,0.0,0,0,0,0
./images/train/IMG0003780.jpg,0.0,0,0,0,0
./images/train/IMG0003795.jpg,0.0,0,0,0,0
./images/train/IMG0003796.jpg,0.0,0,0,0,0
./images/train/IMG0003800.jpg,0.0,0,0,0,0
./images/train/IMG0003801.jpg,0.0,0,0,0,0
./images/train/IMG0003807.jpg,0.0,0,0,0,0
./images/train/IMG0003809.jpg,0.0,0,0,0,0
./images/train/IMG0003822.jpg,0.0,0,0,0,0
./images/train/IMG0003824.jpg,0.0,0,0,0,0
./images/train/IMG0003828.jpg,0.0,0,0,0,0
./images/train/IMG0003836.jpg,0.0,0,0,0,0
./images/train/IMG0003849.jpg,0.0,0,0,0,0
./images/train/IMG0003858.jpg,0.0,0,0,0,0
./images/train/IMG0003859.jpg,0.0,0,0,0,0
./images/train/IMG0003863.jpg,0.0,0,0,0,0
./images/train/IMG0003865.jpg,0.0,0,0,0,0
./images/train/IMG0003866.jpg,0.0,0,0,0,0
./images/train/IMG0003867.jpg,0.0,0,0,0,0
./images/train/IMG0003876.jpg,0.0,0,0,0,0
./images/train/IMG0003880.jpg,0.0,0,0,0,0
./images/train/IMG0003895.jpg,0.0,0,0,0,0
./images/train/IMG0003904.jpg,0.0,0,0,0,0
./images/train/IMG0003922.jpg,0.0,0,0,0,0
./images/train/IMG0003937.jpg,0.0,0,0,0,0
./images/train/IMG0003961.jpg,0.0,0,0,0,0
./images/train/IMG0003980.jpg,0.0,0,0,0,0
./images/train/IMG0003981.jpg,0.0,0,0,0,0
./images/train/IMG0003982.jpg,0.0,0,0,0,0
./images/train/IMG0003986.jpg,0.0,0,0,0,0
./images/train/IMG0003991.jpg,0.0,0,0,0,0
./images/train/IMG0004017.jpg,0.0,0,0,0,0
./images/train/IMG0004019.jpg,0.0,0,0,0,0
./images/train/IMG0004021.jpg,0.0,0,0,0,0
./images/train/IMG0004027.jpg,0.0,0,0,0,0
./images/train/IMG0004070.jpg,0.0,0,0,0,0
./images/train/IMG0004075.jpg,0.0,0,0,0,0
./images/train/IMG0004087.jpg,0.0,0,0,0,0
./images/train/IMG0004097.jpg,0.0,0,0,0,0
./images/train/IMG0004100.jpg,0.0,0,0,0,0
./images/train/IMG0004105.jpg,0.0,0,0,0,0
./images/train/IMG0004109.jpg,0.0,0,0,0,0
./images/train/IMG0004119.jpg,0.0,0,0,0,0
./images/train/IMG0004120.jpg,0.0,0,0,0,0
./images/train/IMG0004129.jpg,0.0,0,0,0,0
./images/train/IMG0004146.jpg,0.0,0,0,0,0
./images/train/IMG0004149.jpg,0.0,0,0,0,0
./images/train/IMG0004154.jpg,0.0,0,0,0,0
./images/train/IMG0004160.jpg,0.0,0,0,0,0
./images/train/IMG0004167.jpg,0.0,0,0,0,0
./images/train/IMG0004168.jpg,0.0,0,0,0,0
./images/train/IMG0004170.jpg,0.0,0,0,0,0
./images/train/IMG0004179.jpg,0.0,0,0,0,0
./images/train/IMG0004185.jpg,0.0,0,0,0,0
./images/train/IMG0004188.jpg,0.0,0,0,0,0
./images/train/IMG0004194.jpg,0.0,0,0,0,0
./images/train/IMG0004195.jpg,0.0,0,0,0,0
./images/train/IMG0004227.jpg,0.0,0,0,0,0
./images/train/IMG0004245.jpg,0.0,0,0,0,0
./images/train/IMG0004274.jpg,0.0,0,0,0,0
./images/train/IMG0004277.jpg,0.0,0,0,0,0
./images/train/IMG0004287.jpg,0.0,0,0,0,0
./images/train/IMG0004288.jpg,0.0,0,0,0,0
./images/train/IMG0004298.jpg,0.0,0,0,0,0
./images/train/IMG0004299.jpg,0.0,0,0,0,0
./images/train/IMG0004304.jpg,0.0,0,0,0,0
./images/train/IMG0004372.jpg,0.0,0,0,0,0
./images/train/IMG0004388.jpg,0.0,0,0,0,0
